{"schemaVersion":"1.0","appDefinitionTemplate":{"id":"/providers/Microsoft.PowerApps/apps/","type":"Microsoft.PowerApps/apps","tags":{"primaryDeviceWidth":"1300","primaryDeviceHeight":"865","sienaVersion":"20210525T101633Z-3.21052.17.0","deviceCapabilities":"","supportsPortrait":"false","supportsLandscape":"true","primaryFormFactor":"Web","publisherVersion":"3.21052.17","minimumRequiredApiVersion":"2.2.0","hasComponent":"false","hasUnlockedComponent":"false","isUnifiedRootApp":"false"},"properties":{"appVersion":"2021-05-25T10:16:33Z","lifeCycleId":"Published","createdByClientVersion":{"major":3,"minor":21052,"build":17,"revision":0,"majorRevision":0,"minorRevision":0},"minClientVersion":{"major":3,"minor":21052,"build":17,"revision":0,"majorRevision":0,"minorRevision":0},"backgroundColor":"rgba(0, 176, 240, 1)","backgroundImageUri":"/17372478801570855465/Naf9bea18-9ca8-4a61-a622-b8bacf6ccfe3-logoSmallFile","displayName":"ProjectScopeDocApp","description":"To submit & take approval on new project scope document.","commitMessage":"","appUris":{"documentUri":{"value":"/17372478801570855465/Nd18d42c6-d48f-435d-8bae-3d3cd1ca6466-document.msapp"},"imageUris":[],"additionalUris":[]},"createdTime":"0001-01-01T00:00:00Z","lastModifiedTime":"0001-01-01T00:00:00Z","sharedGroupsCount":0,"sharedUsersCount":0,"connectionReferences":{"d60987c9-6930-43e7-9d39-b3a9bddb7230":{"id":"bae3a114-32ac-4e5b-8560-7b1eb2744e67","displayName":"SharePoint","iconUri":"https://connectoricons-prod.azureedge.net/releases/v1.0.1472/1.0.1472.2427/sharepointonline/icon.png","dataSources":["ProjectScopeList","ApproverList","WorkflowHistoryList"],"dependencies":[],"dependents":[],"parameterHints":{},"isOnPremiseConnection":false,"bypassConsent":false,"dataSets":{"https://hilalfoods.sharepoint.com/sites/MISAndITPortal":{"dataSources":{"ProjectScopeList":{"tableName":"eb5de0c2-86a3-463d-a14b-9c1955c1068e"},"ApproverList":{"tableName":"baa767f6-0e06-461b-94be-a41d7b6729b6"},"WorkflowHistoryList":{"tableName":"08e13dca-7b45-49fc-8f21-3a044347b382"}}}},"apiTier":"Standard","isCustomApiConnection":false,"actions":["providers/PowerPlatform.Governance/Operations/Read","providers/PowerPlatform.Governance/Operations/Write"]},"e82fe36f-d6bf-4d91-a842-5a1fcb3b23a8":{"id":"875aa25b-1f88-411e-8a5c-f698ce0b189f","displayName":"Office 365 Users","iconUri":"https://connectoricons-prod.azureedge.net/releases/v1.0.1472/1.0.1472.2427/office365users/icon.png","dataSources":["Office365Users"],"dependencies":[],"dependents":[],"parameterHints":{},"isOnPremiseConnection":false,"bypassConsent":false,"dataSets":{},"apiTier":"Standard","isCustomApiConnection":false,"actions":["MyProfile"]},"7922ad2d-fabc-4220-9882-3cdf5a241c83":{"id":"fc21d16d-857d-4534-9c5b-989c3688d037","displayName":"Office 365 Outlook","iconUri":"https://connectoricons-prod.azureedge.net/releases/v1.0.1471/1.0.1471.2427/office365/icon.png","dataSources":["Office365Outlook"],"dependencies":[],"dependents":[],"parameterHints":{},"isOnPremiseConnection":false,"bypassConsent":false,"dataSets":{},"apiTier":"Standard","isCustomApiConnection":false,"actions":["SendEmail"]}},"databaseReferences":{},"almMode":"Environment","performanceOptimizationEnabled":true,"canConsumeAppPass":true,"executionRestrictions":{"isTeamsOnly":false,"dataLossPreventionEvaluationResult":{"status":"Compliant","lastEvaluationDate":"2021-03-29T11:55:08.7934605Z","violationDetails":[]}}},"appType":"ClassicCanvasApp","appComponents":[]}}