{"schemaVersion":"1.0","appDefinitionTemplate":{"id":"/providers/Microsoft.PowerApps/apps/","type":"Microsoft.PowerApps/apps","tags":{"primaryDeviceWidth":"1650","primaryDeviceHeight":"1375","sienaVersion":"20240408T072754Z-3.24034.17.0","deviceCapabilities":"","supportsPortrait":"false","supportsLandscape":"true","primaryFormFactor":"Web","publisherVersion":"3.24034.17","minimumRequiredApiVersion":"2.2.0","hasComponent":"false","hasUnlockedComponent":"false","isUnifiedRootApp":"false","showStatusBar":"false"},"properties":{"appVersion":"2024-04-08T07:27:54Z","lifeCycleId":"Published","createdByClientVersion":{"major":3,"minor":24034,"build":17,"revision":0,"majorRevision":0,"minorRevision":0},"minClientVersion":{"major":3,"minor":24034,"build":17,"revision":0,"majorRevision":0,"minorRevision":0},"backgroundColor":"rgba(0, 176, 240, 1)","backgroundImageUri":"/7345328145917565314/Nf7a71b76-c505-4a61-a20e-cb775823dae4-logoSmallFile","displayName":"MOCApp","description":"","commitMessage":"","appUris":{"documentUri":{"value":"/7345328145917565314/N617d506c-2c19-4b79-9708-166b1e4f5c66-document.msapp"},"imageUris":[],"additionalUris":[{"isSolutionAware":false,"value":"/7345328145917565314/Na37a807e-feeb-407e-8b5b-7b042b338396-identity.json"}]},"createdTime":"0001-01-01T00:00:00Z","lastModifiedTime":"0001-01-01T00:00:00Z","sharedGroupsCount":0,"sharedUsersCount":0,"connectionReferences":{"76988390-f91f-40f4-ab8b-3187a5deef99":{"id":"bae3a114-32ac-4e5b-8560-7b1eb2744e67","displayName":"SharePoint","iconUri":"https://connectoricons-prod.azureedge.net/releases/v1.0.1682/1.0.1682.3677/sharepointonline/icon.png","dataSources":["DepartmentList","FacilityList","ChangeTypeList","ReviewerList","MOCAnalystList","MOCDocumentList","MOCImpactAssessmentList","MOCJobCompletionList","MOCJustificationList","MOCList","PendingforReviewList","SetupConfigList"],"dependencies":[],"dependents":[],"parameterHints":{},"parameterHintsV2":{},"isOnPremiseConnection":false,"bypassConsent":false,"dataSets":{"https://hilalfoods.sharepoint.com/sites/moc":{"dataSources":{"DepartmentList":{"tableName":"e93821ac-6239-49a0-b992-b59aaa0cd040"},"FacilityList":{"tableName":"1eecc657-9365-4303-a774-812ceb93e59a"},"ChangeTypeList":{"tableName":"a5dcd4c9-886b-4889-9f7e-c2ee51a23b48"},"ReviewerList":{"tableName":"b6965adc-717f-49ca-a1d4-67ca5a277e97"},"MOCAnalystList":{"tableName":"caab9250-5c02-4866-8507-26521f22d82e"},"MOCDocumentList":{"tableName":"3bb9a7ce-82ff-4bee-a6af-312aa99d39fa"},"MOCImpactAssessmentList":{"tableName":"f494d8f0-e5ed-47df-afdd-7ecb4f884e3f"},"MOCJobCompletionList":{"tableName":"e0767a86-19be-42b4-98aa-55b38b936a1c"},"MOCJustificationList":{"tableName":"ecb8bd9a-5b4b-4685-8468-1a26bb9cd47b"},"MOCList":{"tableName":"740864b0-7211-48ad-b20b-8e4cfc68d945"},"PendingforReviewList":{"tableName":"52da6439-a89f-44ab-8366-682698218d0d"}}}},"apiTier":"Standard","isCustomApiConnection":false,"actions":["providers/PowerPlatform.Governance/Operations/Read","providers/PowerPlatform.Governance/Operations/Write","providers/PowerPlatform.Governance/Operations/Delete"]},"334afd5d-f35e-4aa0-8d88-21c7cd43af5d":{"id":"fc21d16d-857d-4534-9c5b-989c3688d037","displayName":"Office 365 Outlook","iconUri":"https://connectoricons-prod.azureedge.net/releases/v1.0.1677/1.0.1677.3637/office365/icon.png","dataSources":["Office365Outlook"],"dependencies":[],"dependents":[],"parameterHints":{},"parameterHintsV2":{},"isOnPremiseConnection":false,"bypassConsent":false,"dataSets":{},"apiTier":"Standard","isCustomApiConnection":false,"actions":["SendEmail"]},"f917f853-cbde-4fc8-a401-92c6fe641d26":{"id":"bae3a114-32ac-4e5b-8560-7b1eb2744e67","displayName":"SharePoint","iconUri":"https://connectoricons-prod.azureedge.net/releases/v1.0.1682/1.0.1682.3677/sharepointonline/icon.png","dataSources":["SetupConfigList"],"dependencies":[],"dependents":[],"parameterHints":{},"parameterHintsV2":{},"isOnPremiseConnection":false,"bypassConsent":false,"dataSets":{"https://hilalfoods.sharepoint.com/sites/moc":{"dataSources":{"SetupConfigList":{"tableName":"ee20b556-7adf-4984-9219-949a8c64574a"}}}},"apiTier":"Standard","isCustomApiConnection":false,"actions":["providers/PowerPlatform.Governance/Operations/Read"]},"a9b12bc0-9eb7-4949-885d-d50da98beabd":{"id":"875aa25b-1f88-411e-8a5c-f698ce0b189f","displayName":"Office 365 Users","iconUri":"https://connectoricons-prod.azureedge.net/releases/v1.0.1677/1.0.1677.3637/office365users/icon.png","dataSources":["Office365Users"],"dependencies":[],"dependents":[],"parameterHints":{},"parameterHintsV2":{},"isOnPremiseConnection":false,"bypassConsent":false,"dataSets":{},"apiTier":"Standard","isCustomApiConnection":false,"actions":["SearchUser","Manager","UserProfile"]}},"databaseReferences":{"default.cds":{"databaseDetails":{"referenceType":"Environmental","environmentName":"default.cds","overrideValues":{"status":"NotSpecified"}},"dataSources":{},"components":[{"componentName":"CustomControl","identifier":"btd_contoso.excelexport","identifierType":"LogicalName"}]}},"almMode":"Environment","performanceOptimizationEnabled":true,"canConsumeAppPass":true,"enableModernRuntimeMode":false,"executionRestrictions":{"isTeamsOnly":false,"dataLossPreventionEvaluationResult":{"status":"Compliant","lastEvaluationDate":"2020-11-02T07:17:50.6404386Z","violationDetails":[]}}},"appType":"ClassicCanvasApp","appComponents":[]}}