{"schemaVersion":"1.0","appDefinitionTemplate":{"id":"/providers/Microsoft.PowerApps/apps/","type":"Microsoft.PowerApps/apps","tags":{"primaryDeviceWidth":"2559","primaryDeviceHeight":"1189","supportsPortrait":"true","supportsLandscape":"true","primaryFormFactor":"Tablet","publisherVersion":"3.23014.14","minimumRequiredApiVersion":"2.2.0","hasComponent":"false","hasUnlockedComponent":"false","isUnifiedRootApp":"false","sienaVersion":"20230207T070002Z-3.23014.14.0"},"properties":{"appVersion":"2023-02-07T07:00:02Z","lifeCycleId":"Published","createdByClientVersion":{"major":3,"minor":23014,"build":14,"revision":0,"majorRevision":0,"minorRevision":0},"minClientVersion":{"major":3,"minor":23014,"build":14,"revision":0,"majorRevision":0,"minorRevision":0},"backgroundColor":"rgba(255, 255, 255, 1)","backgroundImageUri":"/11411341932047669266/Nd75d6304-0792-4906-bac3-2631167a5e1c-logoSmallFile","displayName":"Artwork Approval App","description":"With this app, you can create new artwork and get approval on that artwork in real time.","commitMessage":"","appUris":{"documentUri":{"value":"/11411341932047669266/N173a1c51-5f35-4072-b450-3f9bc1f6114d-document.msapp"},"imageUris":[],"additionalUris":[]},"createdTime":"0001-01-01T00:00:00Z","lastModifiedTime":"0001-01-01T00:00:00Z","sharedGroupsCount":0,"sharedUsersCount":0,"connectionReferences":{"0a4f6b28-1310-4821-9d50-9b8c9346d76b":{"id":"bae3a114-32ac-4e5b-8560-7b1eb2744e67","displayName":"SharePoint","iconUri":"https://connectoricons-prod.azureedge.net/u/juanq/gateway/greyhound/3000.150.11/1.0.1613.3116/sharepointonline/icon.png","dataSources":["ApproverList","ArtworkList","ProjectList","WorkflowHistoryList"],"dependencies":[],"dependents":[],"parameterHints":{},"parameterHintsV2":{},"isOnPremiseConnection":false,"bypassConsent":false,"dataSets":{"https://hilalfoods.sharepoint.com/sites/ArtworkApprovalApp":{"dataSources":{"ApproverList":{"tableName":"d7d8f440-1d65-4e15-a3c2-b91459ce2e75"},"ArtworkList":{"tableName":"985bafc9-ae12-4e9b-9ce3-7def2d2e9a49"},"ProjectList":{"tableName":"8a8f538f-dbfc-4c16-82f3-585434c8e5ee"},"WorkflowHistoryList":{"tableName":"eefeea9d-8d99-4050-98d9-46e6a7ce4348"}}}},"apiTier":"Standard","isCustomApiConnection":false,"actions":["providers/PowerPlatform.Governance/Operations/Read","providers/PowerPlatform.Governance/Operations/Write","providers/PowerPlatform.Governance/Operations/Delete"]},"5ee1f001-b1f0-4c81-af95-dbb40e6202a3":{"id":"fc21d16d-857d-4534-9c5b-989c3688d037","displayName":"Office 365 Outlook","iconUri":"https://connectoricons-prod.azureedge.net/releases/v1.0.1615/1.0.1615.3163/office365/icon.png","dataSources":["Office365Outlook"],"dependencies":[],"dependents":[],"parameterHints":{},"parameterHintsV2":{},"isOnPremiseConnection":false,"bypassConsent":false,"dataSets":{},"apiTier":"Standard","isCustomApiConnection":false,"actions":["SendEmail"]}},"databaseReferences":{},"almMode":"Environment","performanceOptimizationEnabled":true,"canConsumeAppPass":true,"enableModernRuntimeMode":false,"executionRestrictions":{"isTeamsOnly":false,"dataLossPreventionEvaluationResult":{"status":"Compliant","lastEvaluationDate":"2022-12-09T12:10:58.6594237Z","violations":[],"violationsByPolicy":[],"violationErrorMessage":"The app uses the following connectors: shared_sharepointonline, shared_office365, shared_logicflows."},"httpActionRestriction":{"appUsesSharepointHttpAction":false,"enforcementStrategy":"Legacy","evaluationTime":"2022-12-09T12:10:58.6593206Z"}}},"appType":"ClassicCanvasApp","appComponents":[]}}