<ImportExportXml xmlns:xsi="http://www.w3.org/2001/XMLSchema-instance">
  <Entities></Entities>
  <Roles></Roles>
  <Workflows>
    <Workflow WorkflowId="{2ff4b23a-921d-ef11-840a-000d3ab7fb81}" Name="Large SP List Query Sorts">
      <JsonFileName>/Workflows/LargeSPListQuerySorts-2FF4B23A-921D-EF11-840A-000D3AB7FB81.json</JsonFileName>
      <Type>1</Type>
      <Subprocess>0</Subprocess>
      <Category>5</Category>
      <Mode>0</Mode>
      <Scope>4</Scope>
      <OnDemand>0</OnDemand>
      <TriggerOnCreate>0</TriggerOnCreate>
      <TriggerOnDelete>0</TriggerOnDelete>
      <AsyncAutodelete>0</AsyncAutodelete>
      <SyncWorkflowLogOnFailure>0</SyncWorkflowLogOnFailure>
      <StateCode>1</StateCode>
      <StatusCode>2</StatusCode>
      <RunAs>1</RunAs>
      <IsTransacted>1</IsTransacted>
      <IntroducedVersion>1.0.0.0</IntroducedVersion>
      <IsCustomizable>1</IsCustomizable>
      <BusinessProcessType>0</BusinessProcessType>
      <IsCustomProcessingStepAllowedForOtherPublishers>1</IsCustomProcessingStepAllowedForOtherPublishers>
      <PrimaryEntity>none</PrimaryEntity>
      <LocalizedNames>
        <LocalizedName languagecode="1033" description="Large SP List Query Sorts" />
      </LocalizedNames>
    </Workflow>
    <Workflow WorkflowId="{30f4b23a-921d-ef11-840a-000d3ab7fb81}" Name="Large SP List Query">
      <JsonFileName>/Workflows/LargeSPListQuery-30F4B23A-921D-EF11-840A-000D3AB7FB81.json</JsonFileName>
      <Type>1</Type>
      <Subprocess>0</Subprocess>
      <Category>5</Category>
      <Mode>0</Mode>
      <Scope>4</Scope>
      <OnDemand>0</OnDemand>
      <TriggerOnCreate>0</TriggerOnCreate>
      <TriggerOnDelete>0</TriggerOnDelete>
      <AsyncAutodelete>0</AsyncAutodelete>
      <SyncWorkflowLogOnFailure>0</SyncWorkflowLogOnFailure>
      <StateCode>1</StateCode>
      <StatusCode>2</StatusCode>
      <RunAs>1</RunAs>
      <IsTransacted>1</IsTransacted>
      <IntroducedVersion>1.0.0.0</IntroducedVersion>
      <IsCustomizable>1</IsCustomizable>
      <BusinessProcessType>0</BusinessProcessType>
      <IsCustomProcessingStepAllowedForOtherPublishers>1</IsCustomProcessingStepAllowedForOtherPublishers>
      <PrimaryEntity>none</PrimaryEntity>
      <LocalizedNames>
        <LocalizedName languagecode="1033" description="Large SP List Query" />
      </LocalizedNames>
    </Workflow>
    <Workflow WorkflowId="{32f4b23a-921d-ef11-840a-000d3ab7fb81}" Name="PowerApps-Non-Returnable Gatepass Report" Description="This is a system generated report and schedule email on every Monday.">
      <JsonFileName>/Workflows/PowerApps-Non-ReturnableGatepassReport-32F4B23A-921D-EF11-840A-000D3AB7FB81.json</JsonFileName>
      <Type>1</Type>
      <Subprocess>0</Subprocess>
      <Category>5</Category>
      <Mode>0</Mode>
      <Scope>4</Scope>
      <OnDemand>0</OnDemand>
      <TriggerOnCreate>0</TriggerOnCreate>
      <TriggerOnDelete>0</TriggerOnDelete>
      <AsyncAutodelete>0</AsyncAutodelete>
      <SyncWorkflowLogOnFailure>0</SyncWorkflowLogOnFailure>
      <StateCode>1</StateCode>
      <StatusCode>2</StatusCode>
      <RunAs>1</RunAs>
      <IsTransacted>1</IsTransacted>
      <IntroducedVersion>1.0.0.0</IntroducedVersion>
      <IsCustomizable>1</IsCustomizable>
      <BusinessProcessType>0</BusinessProcessType>
      <IsCustomProcessingStepAllowedForOtherPublishers>1</IsCustomProcessingStepAllowedForOtherPublishers>
      <PrimaryEntity>none</PrimaryEntity>
      <LocalizedNames>
        <LocalizedName languagecode="1033" description="PowerApps-Non-Returnable Gatepass Report" />
      </LocalizedNames>
      <Descriptions>
        <Description languagecode="1033" description="This is a system generated report and schedule email on every Monday." />
      </Descriptions>
    </Workflow>
    <Workflow WorkflowId="{33f4b23a-921d-ef11-840a-000d3ab7fb81}" Name="Pending Returnable Gatepass Report" Description="This is a system generated report and schedule email on every Monday.">
      <JsonFileName>/Workflows/PendingReturnableGatepassReport-33F4B23A-921D-EF11-840A-000D3AB7FB81.json</JsonFileName>
      <Type>1</Type>
      <Subprocess>0</Subprocess>
      <Category>5</Category>
      <Mode>0</Mode>
      <Scope>4</Scope>
      <OnDemand>0</OnDemand>
      <TriggerOnCreate>0</TriggerOnCreate>
      <TriggerOnDelete>0</TriggerOnDelete>
      <AsyncAutodelete>0</AsyncAutodelete>
      <SyncWorkflowLogOnFailure>0</SyncWorkflowLogOnFailure>
      <StateCode>1</StateCode>
      <StatusCode>2</StatusCode>
      <RunAs>1</RunAs>
      <IsTransacted>1</IsTransacted>
      <IntroducedVersion>1.0.0.0</IntroducedVersion>
      <IsCustomizable>1</IsCustomizable>
      <BusinessProcessType>0</BusinessProcessType>
      <IsCustomProcessingStepAllowedForOtherPublishers>1</IsCustomProcessingStepAllowedForOtherPublishers>
      <PrimaryEntity>none</PrimaryEntity>
      <LocalizedNames>
        <LocalizedName languagecode="1033" description="Pending Returnable Gatepass Report" />
      </LocalizedNames>
      <Descriptions>
        <Description languagecode="1033" description="This is a system generated report and schedule email on every Monday." />
      </Descriptions>
    </Workflow>
    <Workflow WorkflowId="{e0f4b23a-921d-ef11-840a-000d3ab7fb81}" Name="Generate All Returnable Gatepass Report" Description="This is a system generated report and schedule email on every Monday.">
      <JsonFileName>/Workflows/GenerateAllReturnableGatepassReport-E0F4B23A-921D-EF11-840A-000D3AB7FB81.json</JsonFileName>
      <Type>1</Type>
      <Subprocess>0</Subprocess>
      <Category>5</Category>
      <Mode>0</Mode>
      <Scope>4</Scope>
      <OnDemand>0</OnDemand>
      <TriggerOnCreate>0</TriggerOnCreate>
      <TriggerOnDelete>0</TriggerOnDelete>
      <AsyncAutodelete>0</AsyncAutodelete>
      <SyncWorkflowLogOnFailure>0</SyncWorkflowLogOnFailure>
      <StateCode>1</StateCode>
      <StatusCode>2</StatusCode>
      <RunAs>1</RunAs>
      <IsTransacted>1</IsTransacted>
      <IntroducedVersion>1.0.0.0</IntroducedVersion>
      <IsCustomizable>1</IsCustomizable>
      <BusinessProcessType>0</BusinessProcessType>
      <IsCustomProcessingStepAllowedForOtherPublishers>1</IsCustomProcessingStepAllowedForOtherPublishers>
      <PrimaryEntity>none</PrimaryEntity>
      <LocalizedNames>
        <LocalizedName languagecode="1033" description="Generate All Returnable Gatepass Report" />
      </LocalizedNames>
      <Descriptions>
        <Description languagecode="1033" description="This is a system generated report and schedule email on every Monday." />
      </Descriptions>
    </Workflow>
    <Workflow WorkflowId="{e5f4b23a-921d-ef11-840a-000d3ab7fb81}" Name="Pending Returnable Gatepass Report By Employee" Description="This is a system generated report and schedule email on every Monday.">
      <JsonFileName>/Workflows/PendingReturnableGatepassReportByEmployee-E5F4B23A-921D-EF11-840A-000D3AB7FB81.json</JsonFileName>
      <Type>1</Type>
      <Subprocess>0</Subprocess>
      <Category>5</Category>
      <Mode>0</Mode>
      <Scope>4</Scope>
      <OnDemand>0</OnDemand>
      <TriggerOnCreate>0</TriggerOnCreate>
      <TriggerOnDelete>0</TriggerOnDelete>
      <AsyncAutodelete>0</AsyncAutodelete>
      <SyncWorkflowLogOnFailure>0</SyncWorkflowLogOnFailure>
      <StateCode>1</StateCode>
      <StatusCode>2</StatusCode>
      <RunAs>1</RunAs>
      <IsTransacted>1</IsTransacted>
      <IntroducedVersion>1.0.0.0</IntroducedVersion>
      <IsCustomizable>1</IsCustomizable>
      <BusinessProcessType>0</BusinessProcessType>
      <IsCustomProcessingStepAllowedForOtherPublishers>1</IsCustomProcessingStepAllowedForOtherPublishers>
      <PrimaryEntity>none</PrimaryEntity>
      <LocalizedNames>
        <LocalizedName languagecode="1033" description="Pending Returnable Gatepass Report By Employee" />
      </LocalizedNames>
      <Descriptions>
        <Description languagecode="1033" description="This is a system generated report and schedule email on every Monday." />
      </Descriptions>
    </Workflow>
    <Workflow WorkflowId="{e9f4b23a-921d-ef11-840a-000d3ab7fb81}" Name="Generate Pending Returnable Gatepass Report" Description="This is a system generated report and schedule email on every Monday.">
      <JsonFileName>/Workflows/GeneratePendingReturnableGatepassReport-E9F4B23A-921D-EF11-840A-000D3AB7FB81.json</JsonFileName>
      <Type>1</Type>
      <Subprocess>0</Subprocess>
      <Category>5</Category>
      <Mode>0</Mode>
      <Scope>4</Scope>
      <OnDemand>0</OnDemand>
      <TriggerOnCreate>0</TriggerOnCreate>
      <TriggerOnDelete>0</TriggerOnDelete>
      <AsyncAutodelete>0</AsyncAutodelete>
      <SyncWorkflowLogOnFailure>0</SyncWorkflowLogOnFailure>
      <StateCode>1</StateCode>
      <StatusCode>2</StatusCode>
      <RunAs>1</RunAs>
      <IsTransacted>1</IsTransacted>
      <IntroducedVersion>1.0.0.0</IntroducedVersion>
      <IsCustomizable>1</IsCustomizable>
      <BusinessProcessType>0</BusinessProcessType>
      <IsCustomProcessingStepAllowedForOtherPublishers>1</IsCustomProcessingStepAllowedForOtherPublishers>
      <PrimaryEntity>none</PrimaryEntity>
      <LocalizedNames>
        <LocalizedName languagecode="1033" description="Generate Pending Returnable Gatepass Report" />
      </LocalizedNames>
      <Descriptions>
        <Description languagecode="1033" description="This is a system generated report and schedule email on every Monday." />
      </Descriptions>
    </Workflow>
    <Workflow WorkflowId="{10f5b23a-921d-ef11-840a-000d3ab7fb81}" Name="Generate Pending at User End Returnable Gatepass Report" Description="This is a system generated report and schedule email on every Monday.">
      <JsonFileName>/Workflows/GeneratePendingatUserEndReturnableGatepassReport-10F5B23A-921D-EF11-840A-000D3AB7FB81.json</JsonFileName>
      <Type>1</Type>
      <Subprocess>0</Subprocess>
      <Category>5</Category>
      <Mode>0</Mode>
      <Scope>4</Scope>
      <OnDemand>0</OnDemand>
      <TriggerOnCreate>0</TriggerOnCreate>
      <TriggerOnDelete>0</TriggerOnDelete>
      <AsyncAutodelete>0</AsyncAutodelete>
      <SyncWorkflowLogOnFailure>0</SyncWorkflowLogOnFailure>
      <StateCode>1</StateCode>
      <StatusCode>2</StatusCode>
      <RunAs>1</RunAs>
      <IsTransacted>1</IsTransacted>
      <IntroducedVersion>1.0.0.0</IntroducedVersion>
      <IsCustomizable>1</IsCustomizable>
      <BusinessProcessType>0</BusinessProcessType>
      <IsCustomProcessingStepAllowedForOtherPublishers>1</IsCustomProcessingStepAllowedForOtherPublishers>
      <PrimaryEntity>none</PrimaryEntity>
      <LocalizedNames>
        <LocalizedName languagecode="1033" description="Generate Pending at User End Returnable Gatepass Report" />
      </LocalizedNames>
      <Descriptions>
        <Description languagecode="1033" description="This is a system generated report and schedule email on every Monday." />
      </Descriptions>
    </Workflow>
  </Workflows>
  <FieldSecurityProfiles></FieldSecurityProfiles>
  <Templates />
  <EntityMaps />
  <EntityRelationships />
  <OrganizationSettings />
  <optionsets />
  <CustomControls />
  <EntityDataProviders />
  <CanvasApps>
    <CanvasApp>
      <Name>alam_gatepassreports_787bb</Name>
      <AppVersion>2023-05-03T10:42:43Z</AppVersion>
      <Status>Ready</Status>
      <CreatedByClientVersion>3.23043.16.0</CreatedByClientVersion>
      <MinClientVersion>3.23043.16.0</MinClientVersion>
      <Tags>{"primaryDeviceWidth":"1600","primaryDeviceHeight":"1050","sienaVersion":"20230503T104243Z-3.23043.16.0","deviceCapabilities":"","supportsPortrait":"false","supportsLandscape":"true","primaryFormFactor":"Web","publisherVersion":"3.23043.16","minimumRequiredApiVersion":"2.2.0","hasComponent":"false","hasUnlockedComponent":"false","isUnifiedRootApp":"false"}</Tags>
      <IsCdsUpgraded>0</IsCdsUpgraded>
      <GalleryItemId xsi:nil="true"></GalleryItemId>
      <BackgroundColor>rgba(0, 176, 240, 1)</BackgroundColor>
      <DisplayName>GatePassReports</DisplayName>
      <Description xsi:nil="true"></Description>
      <CommitMessage xsi:nil="true"></CommitMessage>
      <Publisher xsi:nil="true"></Publisher>
      <AuthorizationReferences>[]</AuthorizationReferences>
      <ConnectionReferences>{"abb33376-c2e2-49dc-add5-da83de2c2aa4":{"id":"/providers/microsoft.powerapps/apis/shared_sharepointonline","displayName":"SharePoint","iconUri":"https://connectoricons-prod.azureedge.net/releases/v1.0.1627/1.0.1627.3238/sharepointonline/icon.png","dataSources":["GatePassReport","GatePassList","GatePassItemList"],"dependencies":[],"dependents":[],"parameterHints":{},"parameterHintsV2":{},"isOnPremiseConnection":false,"bypassConsent":false,"dataSets":{"https://hilalfoods.sharepoint.com/sites/GatePassApp":{"dataSources":{"GatePassReport":{"tableName":"5355bc48-a07e-42ef-9150-65d0d4e24554"}}},"https://hilalfoods.sharepoint.com/sites/gatepass":{"dataSources":{"GatePassList":{"tableName":"2d4532ef-7d99-4e6f-a199-f176483353f7"},"GatePassItemList":{"tableName":"bcb391d3-6a3b-4c48-ad1d-dcd6751236ca"}}}},"apiTier":"Standard","actions":["providers/PowerPlatform.Governance/Operations/Read"]},"02756e61-1834-4795-b876-d702482f70de":{"id":"/providers/microsoft.powerapps/apis/shared_office365users","displayName":"Office 365 Users","iconUri":"https://connectoricons-prod.azureedge.net/releases/v1.0.1626/1.0.1626.3238/office365users/icon.png","dataSources":["Office365Users"],"dependencies":[],"dependents":[],"parameterHints":{},"parameterHintsV2":{},"isOnPremiseConnection":false,"bypassConsent":false,"dataSets":{},"apiTier":"Standard","actions":["MyProfile"]}}</ConnectionReferences>
      <DatabaseReferences>{}</DatabaseReferences>
      <AppComponents>[]</AppComponents>
      <AppComponentDependencies>[]</AppComponentDependencies>
      <CanConsumeAppPass>1</CanConsumeAppPass>
      <CanvasAppType>0</CanvasAppType>
      <BypassConsent>0</BypassConsent>
      <AdminControlBypassConsent>0</AdminControlBypassConsent>
      <EmbeddedApp xsi:nil="true"></EmbeddedApp>
      <IntroducedVersion>1.0</IntroducedVersion>
      <CdsDependencies>{"cdsdependencies":[]}</CdsDependencies>
      <IsCustomizable>1</IsCustomizable>
      <BackgroundImageUri>/CanvasApps/alam_gatepassreports_787bb_BackgroundImageUri</BackgroundImageUri>
      <DocumentUri>/CanvasApps/alam_gatepassreports_787bb_DocumentUri.msapp</DocumentUri>
    </CanvasApp>
    <CanvasApp>
      <Name>alam_gatepassapp_bff09</Name>
      <AppVersion>2024-01-23T07:03:46Z</AppVersion>
      <Status>Ready</Status>
      <CreatedByClientVersion>3.24012.8.0</CreatedByClientVersion>
      <MinClientVersion>3.24012.8.0</MinClientVersion>
      <Tags>{"primaryDeviceWidth":"1366","primaryDeviceHeight":"725","sienaVersion":"20240123T070346Z-3.24012.8.0","deviceCapabilities":"","supportsPortrait":"false","supportsLandscape":"true","primaryFormFactor":"Web","publisherVersion":"3.24012.8","minimumRequiredApiVersion":"2.2.0","hasComponent":"false","hasUnlockedComponent":"false","isUnifiedRootApp":"false","showStatusBar":"false","offlineLargeFilesSupport":"false"}</Tags>
      <IsCdsUpgraded>0</IsCdsUpgraded>
      <GalleryItemId xsi:nil="true"></GalleryItemId>
      <BackgroundColor>rgba(0, 176, 240, 1)</BackgroundColor>
      <DisplayName>GatePassApp</DisplayName>
      <Description>A system that automates end-to-end RGP &amp; NRGP material gate pass processes for Hilalfoods</Description>
      <CommitMessage xsi:nil="true"></CommitMessage>
      <Publisher xsi:nil="true"></Publisher>
      <AuthorizationReferences>[]</AuthorizationReferences>
      <ConnectionReferences>{"841d987d-c579-4f4f-9702-bd2f1eaaee2d":{"id":"/providers/microsoft.powerapps/apis/shared_sharepointonline","displayName":"SharePoint","iconUri":"https://connectoricons-prod.azureedge.net/releases/v1.0.1670/1.0.1670.3526/sharepointonline/icon.png","dataSources":["MARA","VendorList","GatePassList","GatePassItemList","GatePassWorkflowHistory","ApproverList","PrintableFileList","GatePassAttachments","VehicleTypeList","AdminList"],"dependencies":[],"dependents":[],"parameterHints":{},"parameterHintsV2":{},"isOnPremiseConnection":false,"bypassConsent":true,"dataSets":{"https://hilalfoods.sharepoint.com/sites/PQCR":{"dataSources":{"MARA":{"tableName":"c4d6a89a-a723-42e6-bb40-4063fd3b8161"},"VendorList":{"tableName":"39b4d165-9be8-4043-a965-c2eb0dea9fc0"}}},"https://hilalfoods.sharepoint.com/sites/gatepass":{"dataSources":{"GatePassList":{"tableName":"2d4532ef-7d99-4e6f-a199-f176483353f7"},"GatePassItemList":{"tableName":"bcb391d3-6a3b-4c48-ad1d-dcd6751236ca"},"GatePassWorkflowHistory":{"tableName":"dc713bc8-cc5e-4889-9461-adeae399050f"},"ApproverList":{"tableName":"8402cc76-9551-4a55-b839-5898d9c9a876"},"PrintableFileList":{"tableName":"3b8f2765-739b-425e-a386-f0dde64029c9"},"GatePassAttachments":{"tableName":"05c3a147-7782-4308-bedd-8ce74d2679e6"},"VehicleTypeList":{"tableName":"05eb6598-4e4b-4dc8-9c24-feba9be57891"},"AdminList":{"tableName":"7c59b8e8-c4c0-47be-b32d-2a4b4f535e04"}}}},"apiTier":"Standard","actions":["providers/PowerPlatform.Governance/Operations/Read","providers/PowerPlatform.Governance/Operations/Write","providers/PowerPlatform.Governance/Operations/Delete"]},"64057284-5678-4818-9480-f947a3dc1bb0":{"id":"/providers/microsoft.powerapps/apis/shared_office365users","displayName":"Office 365 Users","iconUri":"https://connectoricons-prod.azureedge.net/releases/v1.0.1672/1.0.1672.3545/office365users/icon.png","dataSources":["Office365Users"],"dependencies":[],"dependents":[],"parameterHints":{},"parameterHintsV2":{},"isOnPremiseConnection":false,"bypassConsent":true,"dataSets":{},"apiTier":"Standard","actions":["MyProfile","SearchUser"]},"1717a321-86b5-44a2-8615-b16ec0212c30":{"id":"/providers/microsoft.powerapps/apis/shared_office365","displayName":"Office 365 Outlook","iconUri":"https://connectoricons-prod.azureedge.net/releases/v1.0.1669/1.0.1669.3522/office365/icon.png","dataSources":["Office365Outlook"],"dependencies":[],"dependents":[],"parameterHints":{},"parameterHintsV2":{},"isOnPremiseConnection":false,"bypassConsent":true,"dataSets":{},"apiTier":"Standard","actions":["SendEmail"]}}</ConnectionReferences>
      <DatabaseReferences>{}</DatabaseReferences>
      <AppComponents>[]</AppComponents>
      <AppComponentDependencies>[]</AppComponentDependencies>
      <CanConsumeAppPass>1</CanConsumeAppPass>
      <CanvasAppType>0</CanvasAppType>
      <BypassConsent>1</BypassConsent>
      <AdminControlBypassConsent>0</AdminControlBypassConsent>
      <EmbeddedApp xsi:nil="true"></EmbeddedApp>
      <IntroducedVersion>1.0</IntroducedVersion>
      <CdsDependencies>{"cdsdependencies":[]}</CdsDependencies>
      <IsCustomizable>1</IsCustomizable>
      <BackgroundImageUri>/CanvasApps/alam_gatepassapp_bff09_BackgroundImageUri</BackgroundImageUri>
      <DocumentUri>/CanvasApps/alam_gatepassapp_bff09_DocumentUri.msapp</DocumentUri>
      <AdditionalUris>
        <AdditionalUri>/CanvasApps/alam_gatepassapp_bff09_AdditionalUris0_identity.json</AdditionalUri>
      </AdditionalUris>
    </CanvasApp>
    <CanvasApp>
      <Name>alam_gatepassappreportmodule_694e3</Name>
      <AppVersion>2024-04-29T10:55:57Z</AppVersion>
      <Status>Ready</Status>
      <CreatedByClientVersion>3.24043.33.0</CreatedByClientVersion>
      <MinClientVersion>3.24043.33.0</MinClientVersion>
      <Tags>{"primaryDeviceWidth":"1366","primaryDeviceHeight":"768","sienaVersion":"20240429T105557Z-3.24043.33.0","deviceCapabilities":"","supportsPortrait":"false","supportsLandscape":"true","primaryFormFactor":"Tablet","publisherVersion":"3.24043.33","minimumRequiredApiVersion":"2.2.0","hasComponent":"false","hasUnlockedComponent":"false","isUnifiedRootApp":"false","showStatusBar":"false","offlineLargeFilesSupport":"false"}</Tags>
      <IsCdsUpgraded>0</IsCdsUpgraded>
      <GalleryItemId xsi:nil="true"></GalleryItemId>
      <BackgroundColor>rgba(0, 99, 177, 1)</BackgroundColor>
      <DisplayName>GatepassAppReportModule</DisplayName>
      <Description>Done</Description>
      <CommitMessage xsi:nil="true"></CommitMessage>
      <Publisher xsi:nil="true"></Publisher>
      <AuthorizationReferences>[]</AuthorizationReferences>
      <ConnectionReferences>{"be4d6d24-f4a3-43b2-81e3-70760a82a8bd":{"id":"/providers/microsoft.powerapps/apis/shared_logicflows","displayName":"Logic flows","iconUri":"https://connectoricons-prod.azureedge.net/releases/v1.0.1680/1.0.1680.3652/logicflows/icon.png","dataSources":["LargeSPListQuerySorts"],"dependencies":[],"dependents":[],"parameterHints":{"workflowName":{"value":"c15dca16-3987-4b73-aead-032b4c505c5d"},"workflowEntityId":{"value":"a0defe34-994a-ee11-be6f-000d3a11481f"},"workflowDisplayName":{"value":"Large SP List Query Sorts"}},"parameterHintsV2":{"workflowName":{"value":"c15dca16-3987-4b73-aead-032b4c505c5d"},"workflowEntityId":{"value":"a0defe34-994a-ee11-be6f-000d3a11481f"},"workflowDisplayName":{"value":"Large SP List Query Sorts"}},"isOnPremiseConnection":false,"bypassConsent":false,"dataSets":{},"apiTier":"Standard","actions":["Run"]},"8cc08e45-6778-4dc8-9b28-0f4a3eb4a87f":{"id":"/providers/microsoft.powerapps/apis/shared_logicflows","displayName":"Logic flows","iconUri":"https://connectoricons-prod.azureedge.net/releases/v1.0.1680/1.0.1680.3652/logicflows/icon.png","dataSources":["LargeSPListQuery"],"dependencies":["7232dbb8-bfda-47d2-9ee8-3bec8e97ea98"],"dependents":[],"parameterHints":{"workflowName":{"value":"5f6794e9-b692-4f97-9191-c2df9db90905"},"workflowEntityId":{"value":"90ec5537-994a-ee11-be6f-002248268992"},"workflowDisplayName":{"value":"Large SP List Query"},"7232dbb8-bfda-47d2-9ee8-3bec8e97ea98":{"value":"shared_sharepointonline"}},"parameterHintsV2":{"workflowName":{"value":"5f6794e9-b692-4f97-9191-c2df9db90905"},"workflowEntityId":{"value":"90ec5537-994a-ee11-be6f-002248268992"},"workflowDisplayName":{"value":"Large SP List Query"},"shared_sharepointonline":{"value":"7232dbb8-bfda-47d2-9ee8-3bec8e97ea98"}},"isOnPremiseConnection":false,"bypassConsent":false,"dataSets":{},"apiTier":"Standard","actions":["Run"]},"7232dbb8-bfda-47d2-9ee8-3bec8e97ea98":{"id":"/providers/microsoft.powerapps/apis/shared_sharepointonline","displayName":"SharePoint","iconUri":"https://connectoricons-prod.azureedge.net/releases/v1.0.1685/1.0.1685.3700/sharepointonline/icon.png","dataSources":["GatePassList","GatePassItemList"],"dependencies":[],"dependents":["8cc08e45-6778-4dc8-9b28-0f4a3eb4a87f"],"parameterHints":{},"parameterHintsV2":{},"isOnPremiseConnection":false,"bypassConsent":false,"dataSets":{"https://hilalfoods.sharepoint.com/sites/gatepass":{"dataSources":{"GatePassList":{"tableName":"2d4532ef-7d99-4e6f-a199-f176483353f7"},"GatePassItemList":{"tableName":"bcb391d3-6a3b-4c48-ad1d-dcd6751236ca"}}}},"apiTier":"Standard","actions":["providers/PowerPlatform.Governance/Operations/Read"]},"c346ca1b-fd14-45e0-b668-d7204f45e47d":{"id":"/providers/microsoft.powerapps/apis/shared_logicflows","displayName":"Logic flows","iconUri":"https://connectoricons-prod.azureedge.net/releases/v1.0.1680/1.0.1680.3652/logicflows/icon.png","dataSources":["PowerApps-Non-ReturnableGatepassReport"],"dependencies":[],"dependents":[],"parameterHints":{"workflowName":{"value":"20923aef-a588-4bb0-86ea-14adce92b062"},"workflowEntityId":{},"workflowDisplayName":{"value":"PowerApps-Non-Returnable Gatepass Report"}},"parameterHintsV2":{"workflowName":{"value":"20923aef-a588-4bb0-86ea-14adce92b062"},"workflowEntityId":{},"workflowDisplayName":{"value":"PowerApps-Non-Returnable Gatepass Report"}},"isOnPremiseConnection":false,"bypassConsent":false,"dataSets":{},"apiTier":"Standard","actions":["Run"]}}</ConnectionReferences>
      <DatabaseReferences>{"default.cds":{"databaseDetails":{"referenceType":"Environmental","environmentName":"default.cds","overrideValues":{"status":"NotSpecified"}},"dataSources":{},"components":[{"componentName":"CustomControl","identifier":"btd_contoso.excelexport","identifierType":"LogicalName"}]}}</DatabaseReferences>
      <AppComponents>[]</AppComponents>
      <AppComponentDependencies>[]</AppComponentDependencies>
      <CanConsumeAppPass>0</CanConsumeAppPass>
      <CanvasAppType>0</CanvasAppType>
      <BypassConsent>0</BypassConsent>
      <AdminControlBypassConsent>0</AdminControlBypassConsent>
      <EmbeddedApp xsi:nil="true"></EmbeddedApp>
      <IntroducedVersion>1.0</IntroducedVersion>
      <CdsDependencies>{"cdsdependencies":[{"dependencyid":"","logicalname":"btd_contoso.excelexport","componenttype":66,"componenttypeplatformname":"CustomControl"}]}</CdsDependencies>
      <IsCustomizable>1</IsCustomizable>
      <BackgroundImageUri>/CanvasApps/alam_gatepassappreportmodule_694e3_BackgroundImageUri</BackgroundImageUri>
      <DocumentUri>/CanvasApps/alam_gatepassappreportmodule_694e3_DocumentUri.msapp</DocumentUri>
      <AdditionalUris>
        <AdditionalUri>/CanvasApps/alam_gatepassappreportmodule_694e3_AdditionalUris0_identity.json</AdditionalUri>
      </AdditionalUris>
    </CanvasApp>
  </CanvasApps>
  <connectionreferences>
    <connectionreference connectionreferencelogicalname="alam_sharedexcelonlinebusiness_c3faa">
      <connectionreferencedisplayname>Excel Online (Business) GatepassAppSolution-c3faa</connectionreferencedisplayname>
      <connectorid>/providers/Microsoft.PowerApps/apis/shared_excelonlinebusiness</connectorid>
      <iscustomizable>1</iscustomizable>
      <statecode>0</statecode>
      <statuscode>1</statuscode>
    </connectionreference>
    <connectionreference connectionreferencelogicalname="alam_sharedoffice365_81f46">
      <connectionreferencedisplayname>Office 365 Outlook GatepassAppSolution-81f46</connectionreferencedisplayname>
      <connectorid>/providers/Microsoft.PowerApps/apis/shared_office365</connectorid>
      <iscustomizable>1</iscustomizable>
      <statecode>0</statecode>
      <statuscode>1</statuscode>
    </connectionreference>
    <connectionreference connectionreferencelogicalname="alam_sharedsharepointonline_40a24">
      <connectionreferencedisplayname>SharePoint GatepassAppSolution-40a24</connectionreferencedisplayname>
      <connectorid>/providers/Microsoft.PowerApps/apis/shared_sharepointonline</connectorid>
      <iscustomizable>1</iscustomizable>
      <statecode>0</statecode>
      <statuscode>1</statuscode>
    </connectionreference>
    <connectionreference connectionreferencelogicalname="alam_sharedsharepointonline_b0f6b">
      <connectionreferencedisplayname>SharePoint GatepassAppSolution-b0f6b</connectionreferencedisplayname>
      <connectorid>/providers/Microsoft.PowerApps/apis/shared_sharepointonline</connectorid>
      <iscustomizable>1</iscustomizable>
      <statecode>0</statecode>
      <statuscode>1</statuscode>
    </connectionreference>
  </connectionreferences>
  <Languages>
    <Language>1033</Language>
  </Languages>
</ImportExportXml>