<ImportExportXml version="9.2.24045.204" SolutionPackageVersion="9.2" languagecode="1033" generatedBy="CrmLive" xmlns:xsi="http://www.w3.org/2001/XMLSchema-instance">
  <SolutionManifest>
    <UniqueName>GatepassAppSolution</UniqueName>
    <LocalizedNames>
      <LocalizedName description="GatepassAppSolution" languagecode="1033" />
    </LocalizedNames>
    <Descriptions />
    <Version>1.0.0.1</Version>
    <Managed>0</Managed>
    <Publisher>
      <UniqueName>Alam</UniqueName>
      <LocalizedNames>
        <LocalizedName description="Alam" languagecode="1033" />
      </LocalizedNames>
      <Descriptions>
        <Description description="Alam PTV LTD" languagecode="1033" />
      </Descriptions>
      <EMailAddress xsi:nil="true"></EMailAddress>
      <SupportingWebsiteUrl xsi:nil="true"></SupportingWebsiteUrl>
      <CustomizationPrefix>alam</CustomizationPrefix>
      <CustomizationOptionValuePrefix>41543</CustomizationOptionValuePrefix>
      <Addresses>
        <Address>
          <AddressNumber>1</AddressNumber>
          <AddressTypeCode>1</AddressTypeCode>
          <City xsi:nil="true"></City>
          <County xsi:nil="true"></County>
          <Country xsi:nil="true"></Country>
          <Fax xsi:nil="true"></Fax>
          <FreightTermsCode xsi:nil="true"></FreightTermsCode>
          <ImportSequenceNumber xsi:nil="true"></ImportSequenceNumber>
          <Latitude xsi:nil="true"></Latitude>
          <Line1 xsi:nil="true"></Line1>
          <Line2 xsi:nil="true"></Line2>
          <Line3 xsi:nil="true"></Line3>
          <Longitude xsi:nil="true"></Longitude>
          <Name xsi:nil="true"></Name>
          <PostalCode xsi:nil="true"></PostalCode>
          <PostOfficeBox xsi:nil="true"></PostOfficeBox>
          <PrimaryContactName xsi:nil="true"></PrimaryContactName>
          <ShippingMethodCode>1</ShippingMethodCode>
          <StateOrProvince xsi:nil="true"></StateOrProvince>
          <Telephone1 xsi:nil="true"></Telephone1>
          <Telephone2 xsi:nil="true"></Telephone2>
          <Telephone3 xsi:nil="true"></Telephone3>
          <TimeZoneRuleVersionNumber xsi:nil="true"></TimeZoneRuleVersionNumber>
          <UPSZone xsi:nil="true"></UPSZone>
          <UTCOffset xsi:nil="true"></UTCOffset>
          <UTCConversionTimeZoneCode xsi:nil="true"></UTCConversionTimeZoneCode>
        </Address>
        <Address>
          <AddressNumber>2</AddressNumber>
          <AddressTypeCode>1</AddressTypeCode>
          <City xsi:nil="true"></City>
          <County xsi:nil="true"></County>
          <Country xsi:nil="true"></Country>
          <Fax xsi:nil="true"></Fax>
          <FreightTermsCode xsi:nil="true"></FreightTermsCode>
          <ImportSequenceNumber xsi:nil="true"></ImportSequenceNumber>
          <Latitude xsi:nil="true"></Latitude>
          <Line1 xsi:nil="true"></Line1>
          <Line2 xsi:nil="true"></Line2>
          <Line3 xsi:nil="true"></Line3>
          <Longitude xsi:nil="true"></Longitude>
          <Name xsi:nil="true"></Name>
          <PostalCode xsi:nil="true"></PostalCode>
          <PostOfficeBox xsi:nil="true"></PostOfficeBox>
          <PrimaryContactName xsi:nil="true"></PrimaryContactName>
          <ShippingMethodCode>1</ShippingMethodCode>
          <StateOrProvince xsi:nil="true"></StateOrProvince>
          <Telephone1 xsi:nil="true"></Telephone1>
          <Telephone2 xsi:nil="true"></Telephone2>
          <Telephone3 xsi:nil="true"></Telephone3>
          <TimeZoneRuleVersionNumber xsi:nil="true"></TimeZoneRuleVersionNumber>
          <UPSZone xsi:nil="true"></UPSZone>
          <UTCOffset xsi:nil="true"></UTCOffset>
          <UTCConversionTimeZoneCode xsi:nil="true"></UTCConversionTimeZoneCode>
        </Address>
      </Addresses>
    </Publisher>
    <RootComponents>
      <RootComponent type="29" id="{10f5b23a-921d-ef11-840a-000d3ab7fb81}" behavior="0" />
      <RootComponent type="29" id="{2ff4b23a-921d-ef11-840a-000d3ab7fb81}" behavior="0" />
      <RootComponent type="29" id="{30f4b23a-921d-ef11-840a-000d3ab7fb81}" behavior="0" />
      <RootComponent type="29" id="{32f4b23a-921d-ef11-840a-000d3ab7fb81}" behavior="0" />
      <RootComponent type="29" id="{33f4b23a-921d-ef11-840a-000d3ab7fb81}" behavior="0" />
      <RootComponent type="29" id="{e0f4b23a-921d-ef11-840a-000d3ab7fb81}" behavior="0" />
      <RootComponent type="29" id="{e5f4b23a-921d-ef11-840a-000d3ab7fb81}" behavior="0" />
      <RootComponent type="29" id="{e9f4b23a-921d-ef11-840a-000d3ab7fb81}" behavior="0" />
      <RootComponent type="300" schemaName="alam_gatepassappreportmodule_694e3" behavior="0" />
      <RootComponent type="300" schemaName="alam_gatepassapp_bff09" behavior="0" />
      <RootComponent type="300" schemaName="alam_gatepassreports_787bb" behavior="0" />
    </RootComponents>
    <MissingDependencies>
      <MissingDependency>
        <Required type="66" schemaName="btd_contoso.excelexport" displayName="btd_contoso.excelexport" solution="BTDExportExcel (1.0.0.1)" />
        <Dependent type="300" schemaName="alam_gatepassappreportmodule_694e3" displayName="GatepassAppReportModule" />
      </MissingDependency>
    </MissingDependencies>
  </SolutionManifest>
</ImportExportXml>