{"schemaVersion":"1.0","appDefinitionTemplate":{"id":"/providers/Microsoft.PowerApps/apps/","type":"Microsoft.PowerApps/apps","tags":{"primaryDeviceWidth":"2559","primaryDeviceHeight":"845","sienaVersion":"20220916T085855Z-3.22091.11.0","deviceCapabilities":"","supportsPortrait":"true","supportsLandscape":"true","primaryFormFactor":"Tablet","publisherVersion":"3.22091.11","minimumRequiredApiVersion":"2.2.0","hasComponent":"false","hasUnlockedComponent":"false","isUnifiedRootApp":"false"},"properties":{"appVersion":"2022-09-16T08:58:55Z","lifeCycleId":"Published","createdByClientVersion":{"major":3,"minor":22091,"build":11,"revision":0,"majorRevision":0,"minorRevision":0},"minClientVersion":{"major":3,"minor":22091,"build":11,"revision":0,"majorRevision":0,"minorRevision":0},"backgroundColor":"rgba(255, 255, 255, 1)","backgroundImageUri":"/10542364074003854002/Nd58a3c97-38d3-4ed8-8705-1f1aa79369be-logoSmallFile","displayName":"AssetDisposalApp","description":"This app is used to removal of a long-term asset from the company’s accounting records after approval process","commitMessage":"","appUris":{"documentUri":{"value":"/10542364074003854002/N24441db9-8aaa-4ac8-a451-2ab906a750ff-document.msapp"},"imageUris":[],"additionalUris":[]},"createdTime":"0001-01-01T00:00:00Z","lastModifiedTime":"0001-01-01T00:00:00Z","sharedGroupsCount":0,"sharedUsersCount":0,"connectionReferences":{"41041f93-f109-4ebe-a0d0-44fba533a97e":{"id":"bae3a114-32ac-4e5b-8560-7b1eb2744e67","displayName":"SharePoint","iconUri":"https://connectoricons-prod.azureedge.net/releases/v1.0.1591/1.0.1591.2961/sharepointonline/icon.png","dataSources":["ApprovalHierarchyList","UserList","SAPAssetList","DepartmentList","CompanyList","AssetAttachmentList","AssetItemDetailsList","AssetList","HistoryTrailList"],"dependencies":[],"dependents":[],"parameterHints":{},"parameterHintsV2":{},"isOnPremiseConnection":false,"bypassConsent":false,"dataSets":{"https://hilalfoods.sharepoint.com/sites/AssetDisposalApp":{"dataSources":{"ApprovalHierarchyList":{"tableName":"7a3577f4-d1a3-464a-8b3f-0ae1a38997f7"},"UserList":{"tableName":"bddcec76-d379-4594-b05e-d12bcce53af6"},"SAPAssetList":{"tableName":"9a8a2d01-b30b-44f8-a1fd-4ecf9a7e6583"},"DepartmentList":{"tableName":"2f2a9c59-1b33-4653-9ae1-4f747940cefb"},"CompanyList":{"tableName":"832e113a-9c1f-43ef-824b-a94e3d6259dc"},"AssetAttachmentList":{"tableName":"50773207-7a62-4218-9d67-4c4887d9e19b"},"AssetItemDetailsList":{"tableName":"21275e36-6efb-4b59-82a9-885e9f3c9bab"},"AssetList":{"tableName":"522e4dda-30ee-48cf-8435-dc0743a11aa5"},"HistoryTrailList":{"tableName":"d76dab1f-4c98-4d56-ba5a-f53976146160"}}}},"apiTier":"Standard","isCustomApiConnection":false,"actions":["providers/PowerPlatform.Governance/Operations/Read","providers/PowerPlatform.Governance/Operations/Write","providers/PowerPlatform.Governance/Operations/Delete"]},"7f14d83a-0584-4a66-ad94-be7cd25c9407":{"id":"fc21d16d-857d-4534-9c5b-989c3688d037","displayName":"Office 365 Outlook","iconUri":"https://connectoricons-prod.azureedge.net/releases/v1.0.1596/1.0.1596.2995/office365/icon.png","dataSources":["Office365Outlook"],"dependencies":[],"dependents":[],"parameterHints":{},"parameterHintsV2":{},"isOnPremiseConnection":false,"bypassConsent":false,"dataSets":{},"apiTier":"Standard","isCustomApiConnection":false,"actions":["SendEmail"]},"bae8d8e7-dff8-4707-a49d-926957cfaa87":{"id":"875aa25b-1f88-411e-8a5c-f698ce0b189f","displayName":"Office 365 Users","iconUri":"https://connectoricons-prod.azureedge.net/releases/v1.0.1593/1.0.1593.2980/office365users/icon.png","dataSources":["Office365Users"],"dependencies":[],"dependents":[],"parameterHints":{},"parameterHintsV2":{},"isOnPremiseConnection":false,"bypassConsent":false,"dataSets":{},"apiTier":"Standard","isCustomApiConnection":false}},"databaseReferences":{},"almMode":"Environment","performanceOptimizationEnabled":true,"canConsumeAppPass":true,"enableModernRuntimeMode":false,"executionRestrictions":{"isTeamsOnly":false,"dataLossPreventionEvaluationResult":{"status":"Compliant","lastEvaluationDate":"2022-02-21T07:33:36.0345898Z","violations":[],"violationsByPolicy":[],"violationErrorMessage":"The app uses the following connectors: ."}}},"appType":"ClassicCanvasApp","appComponents":[]}}