{"schemaVersion":"1.0","appDefinitionTemplate":{"id":"/providers/Microsoft.PowerApps/apps/","type":"Microsoft.PowerApps/apps","tags":{"primaryDeviceWidth":"1366","primaryDeviceHeight":"768","sienaVersion":"20240401T073133Z-3.24032.26.0","deviceCapabilities":"","supportsPortrait":"false","supportsLandscape":"true","primaryFormFactor":"Tablet","publisherVersion":"3.24032.26","minimumRequiredApiVersion":"2.2.0","hasComponent":"true","hasUnlockedComponent":"true","isUnifiedRootApp":"false","showStatusBar":"false","offlineLargeFilesSupport":"false"},"properties":{"appVersion":"2024-04-01T07:31:33Z","lifeCycleId":"Published","createdByClientVersion":{"major":3,"minor":24032,"build":26,"revision":0,"majorRevision":0,"minorRevision":0},"minClientVersion":{"major":3,"minor":24032,"build":26,"revision":0,"majorRevision":0,"minorRevision":0},"backgroundColor":"rgba(37, 62, 143, 1)","backgroundImageUri":"/5767133533294820748/N2cbd87e9-7100-4dad-9f45-98f06f470c21-logoSmallFile","displayName":"Training App","description":"Okay","commitMessage":"","appUris":{"documentUri":{"value":"/5767133533294820748/N4ae679d6-418c-4e77-bba5-740a9af6a3c3-document.msapp"},"imageUris":[],"additionalUris":[{"isSolutionAware":false,"value":"/5767133533294820748/N29dda3e7-a234-4e53-a5fa-438161b240bf-identity.json"}]},"createdTime":"0001-01-01T00:00:00Z","lastModifiedTime":"0001-01-01T00:00:00Z","sharedGroupsCount":0,"sharedUsersCount":0,"connectionReferences":{"5453364b-8c7a-4042-ab3a-ebccd090f70b":{"id":"875aa25b-1f88-411e-8a5c-f698ce0b189f","displayName":"Office 365 Users","iconUri":"https://connectoricons-prod.azureedge.net/releases/v1.0.1677/1.0.1677.3637/office365users/icon.png","dataSources":["Office365Users"],"dependencies":[],"dependents":[],"parameterHints":{},"parameterHintsV2":{},"isOnPremiseConnection":false,"bypassConsent":false,"dataSets":{},"apiTier":"Standard","isCustomApiConnection":false,"actions":["UserPhotoV2"]},"a5c70fe0-c12c-48db-9a62-ab98d8be1bb4":{"id":"fc21d16d-857d-4534-9c5b-989c3688d037","displayName":"Office 365 Outlook","iconUri":"https://connectoricons-prod.azureedge.net/releases/v1.0.1677/1.0.1677.3637/office365/icon.png","dataSources":["Office365Outlook"],"dependencies":[],"dependents":[],"parameterHints":{},"parameterHintsV2":{},"isOnPremiseConnection":false,"bypassConsent":false,"dataSets":{},"apiTier":"Standard","isCustomApiConnection":false,"actions":["SendEmail"]},"44de21ba-13bd-4727-930d-6bedd6533f81":{"id":"bae3a114-32ac-4e5b-8560-7b1eb2744e67","displayName":"SharePoint","iconUri":"https://connectoricons-prod.azureedge.net/releases/v1.0.1682/1.0.1682.3675/sharepointonline/icon.png","dataSources":["Training","Training Assets","TrainingPresentations","TrainingVideos","TrainingFeedbackFormList","TrainingFeedbackMasterList","TrainingEffectivenessMasterList","TrainingEffectivenessFormList","TrainingCategory","AssignedTraining","AssignedQuiz","TrainingQuizList"],"dependencies":[],"dependents":[],"parameterHints":{},"parameterHintsV2":{},"isOnPremiseConnection":false,"bypassConsent":false,"dataSets":{"https://hilalfoods.sharepoint.com/sites/TrainingApp":{"dataSources":{"Training":{"tableName":"cb75feff-9d86-4dcd-af00-b9d63c2c96a7"},"Training Assets":{"tableName":"5fb431fa-2dfe-44ef-a81e-066030da6f60"},"TrainingPresentations":{"tableName":"221a9c04-e0e8-412a-b0bb-602679ffb905"},"TrainingVideos":{"tableName":"cc3cc593-9df6-4e60-ab94-5cfc7bcd6b4a"},"TrainingFeedbackFormList":{"tableName":"f80178b4-3c69-44d2-a038-346aaa1e2d9a"},"TrainingFeedbackMasterList":{"tableName":"857f9ad1-19c6-4abb-84ee-d1c41988a1ec"},"TrainingEffectivenessMasterList":{"tableName":"c106b808-5064-45bb-90c8-6cd3b90eb596"},"TrainingEffectivenessFormList":{"tableName":"2650dfb7-66c5-489e-9eee-123c2590556e"},"TrainingCategory":{"tableName":"8d2f6ca8-b7c4-453c-8a05-05eae945b488"},"AssignedTraining":{"tableName":"9ac197ec-bdec-4f15-b21b-45c40e431cf2"},"AssignedQuiz":{"tableName":"9ab1433f-04ca-4773-93ff-a9b35e557d58"},"TrainingQuizList":{"tableName":"bf00c07d-1d62-40b7-beb9-c0be90e02102"}}}},"apiTier":"Standard","isCustomApiConnection":false,"actions":["providers/PowerPlatform.Governance/Operations/Read","providers/PowerPlatform.Governance/Operations/Write","providers/PowerPlatform.Governance/Operations/Delete"]},"a138176c-fb75-4704-84ad-4d3a8a631b13":{"id":"0a5986e4-adb5-4a04-820f-da306b310292","displayName":"Office 365 Groups","iconUri":"https://connectoricons-prod.azureedge.net/releases/v1.0.1681/1.0.1681.3663/office365groups/icon.png","dataSources":["Office365Groups"],"dependencies":[],"dependents":[],"parameterHints":{},"parameterHintsV2":{},"isOnPremiseConnection":false,"bypassConsent":false,"dataSets":{},"apiTier":"Standard","isCustomApiConnection":false,"actions":["HttpRequest"]}},"databaseReferences":{"default.cds":{"databaseDetails":{"referenceType":"Environmental","environmentName":"default.cds","overrideValues":{"status":"NotSpecified"}},"dataSources":{},"components":[{"componentName":"CustomControl","identifier":"btd_contoso.excelexport","identifierType":"LogicalName","capabilities":{"pcfExternalServiceUsageAllowed":false}},{"componentName":"CustomControl","identifier":"btd_contoso.excelexport","identifierType":"LogicalName","capabilities":{"pcfExternalServiceUsageAllowed":false}}]}},"almMode":"Solution","performanceOptimizationEnabled":true,"canConsumeAppPass":true,"enableModernRuntimeMode":false,"executionRestrictions":{"isTeamsOnly":false,"dataLossPreventionEvaluationResult":{"status":"Compliant","lastEvaluationDate":"2024-03-13T07:46:36.6596196Z","violations":[],"violationsByPolicy":[],"violationErrorMessage":"The app uses the following connectors: shared_office365users, shared_office365, shared_sharepointonline, shared_logicflows, shared_office365groups, shared_commondataservice."},"httpActionRestriction":{"appUsesSharepointHttpAction":false,"enforcementStrategy":"Legacy","evaluationTime":"2024-03-13T07:46:36.6595278Z"}}},"appType":"ClassicCanvasApp","appComponents":[]}}