{"schemaVersion":"1.0","appDefinitionTemplate":{"id":"/providers/Microsoft.PowerApps/apps/","type":"Microsoft.PowerApps/apps","tags":{"primaryDeviceWidth":"2537","primaryDeviceHeight":"1166","sienaVersion":"20221121T090115Z-3.22111.19.0","deviceCapabilities":"","supportsPortrait":"true","supportsLandscape":"true","primaryFormFactor":"Tablet","publisherVersion":"3.22111.19","minimumRequiredApiVersion":"2.2.0","hasComponent":"false","hasUnlockedComponent":"false","isUnifiedRootApp":"false"},"properties":{"appVersion":"2022-11-21T09:01:15Z","lifeCycleId":"Published","createdByClientVersion":{"major":3,"minor":22111,"build":19,"revision":0,"majorRevision":0,"minorRevision":0},"minClientVersion":{"major":3,"minor":22111,"build":19,"revision":0,"majorRevision":0,"minorRevision":0},"backgroundColor":"rgba(255, 255, 255, 1)","backgroundImageUri":"/16582208029560516272/N610d60ce-df14-4695-b440-10dd27edf4c3-logoSmallFile","displayName":"VendorRegistrationApp","description":"This app use to register the vendor in Hilal.","commitMessage":"","appUris":{"documentUri":{"value":"/16582208029560516272/Nef5bf4ef-7a2f-4071-bf41-bf4e5eabac11-document.msapp"},"imageUris":[],"additionalUris":[]},"createdTime":"0001-01-01T00:00:00Z","lastModifiedTime":"0001-01-01T00:00:00Z","sharedGroupsCount":0,"sharedUsersCount":0,"icons":{"smallIconUri":"/16582208029560516272/Ndf252cab-43f3-4795-9382-7fcf47990016-small.png","mediumIconUri":"/16582208029560516272/Nc095d0de-fc2c-4b64-a5a0-c42b36f68474-medium.png","largeIconUri":"/16582208029560516272/N2ea111b4-8019-4bb0-9ebc-f9faff008ae3-large.png","wideIconUri":"/16582208029560516272/N57b90f90-bbbb-403c-8030-23c088592bfd-wide.png"},"connectionReferences":{"07d01965-e396-4b52-9876-5572cddd4ec6":{"id":"bae3a114-32ac-4e5b-8560-7b1eb2744e67","displayName":"SharePoint","iconUri":"https://connectoricons-prod.azureedge.net/releases/v1.0.1610-greyhound-localization-RelayFix/1.0.1610.3091/sharepointonline/icon.png","dataSources":["ApprovalHierarchyList","AdminList","VendorList","HistoryTrailList"],"dependencies":[],"dependents":[],"parameterHints":{},"parameterHintsV2":{},"isOnPremiseConnection":false,"bypassConsent":true,"dataSets":{"https://hilalfoods.sharepoint.com/sites/VendorRegistrationApp":{"dataSources":{"ApprovalHierarchyList":{"tableName":"b53a17b8-eb3a-4827-af39-3ff8a3bf3723"},"VendorList":{"tableName":"dc2da7bb-89df-44a4-9f1f-8a1628fe899a"},"HistoryTrailList":{"tableName":"51f8fe9a-684e-4ffe-beee-35c5cc5a8bec"}}},"https://hilalfoods.sharepoint.com/sites/VendorRegistrationApp/":{"dataSources":{"AdminList":{"tableName":"bf842d44-7da1-4459-857e-ff699d7efeb7"}}}},"apiTier":"Standard","isCustomApiConnection":false,"actions":["providers/PowerPlatform.Governance/Operations/Read"]},"0ce82071-7b18-4a7c-8ead-23327898f09f":{"id":"fc21d16d-857d-4534-9c5b-989c3688d037","displayName":"Office 365 Outlook","iconUri":"https://connectoricons-prod.azureedge.net/releases/v1.0.1599/1.0.1599.3017/office365/icon.png","dataSources":["Office365Outlook"],"dependencies":[],"dependents":[],"parameterHints":{},"parameterHintsV2":{},"isOnPremiseConnection":false,"bypassConsent":true,"dataSets":{},"apiTier":"Standard","isCustomApiConnection":false,"actions":["SendEmail"]}},"databaseReferences":{},"almMode":"Environment","performanceOptimizationEnabled":true,"canConsumeAppPass":true,"enableModernRuntimeMode":false,"executionRestrictions":{"isTeamsOnly":false,"dataLossPreventionEvaluationResult":{"status":"Compliant","lastEvaluationDate":"2021-12-23T11:29:27.0246194Z","violations":[],"violationsByPolicy":[],"violationErrorMessage":"The app uses the following connectors: shared_sharepointonline, shared_commondataservice."}}},"appType":"ClassicCanvasApp","appComponents":[]}}