{"schemaVersion":"1.0","appDefinitionTemplate":{"id":"/providers/Microsoft.PowerApps/apps/","type":"Microsoft.PowerApps/apps","tags":{"primaryDeviceWidth":"1250","primaryDeviceHeight":"850","sienaVersion":"20230809T082814Z-3.23074.17.0","deviceCapabilities":"","supportsPortrait":"false","supportsLandscape":"true","primaryFormFactor":"Web","publisherVersion":"3.23074.17","minimumRequiredApiVersion":"2.2.0","hasComponent":"false","hasUnlockedComponent":"false","isUnifiedRootApp":"false","showStatusBar":"false"},"properties":{"appVersion":"2023-08-09T08:28:14Z","lifeCycleId":"Published","createdByClientVersion":{"major":3,"minor":23074,"build":17,"revision":0,"majorRevision":0,"minorRevision":0},"minClientVersion":{"major":3,"minor":23074,"build":17,"revision":0,"majorRevision":0,"minorRevision":0},"backgroundColor":"rgba(0, 176, 240, 1)","backgroundImageUri":"/5559633322489946138/N793e0910-5260-4c22-acd8-bd99d0a1a142-logoSmallFile","displayName":"Price Approval Form App","description":"To get approval on the price of product from top management.","commitMessage":"","appUris":{"documentUri":{"value":"/5559633322489946138/Nbec449ea-d3c7-4db4-87b5-27f50a1fe897-document.msapp"},"imageUris":[],"additionalUris":[]},"createdTime":"0001-01-01T00:00:00Z","lastModifiedTime":"0001-01-01T00:00:00Z","sharedGroupsCount":0,"sharedUsersCount":0,"connectionReferences":{"7098990c-4ce0-4c4f-896e-9bf626949e24":{"id":"bae3a114-32ac-4e5b-8560-7b1eb2744e67","displayName":"SharePoint","iconUri":"https://connectoricons-prod.azureedge.net/u/shgogna/globalperconnector-train1/1.0.1639.3312/sharepointonline/icon.png","dataSources":["BrandList","EmailReceipentsList","PriceFormList","ApproverList","WorkflowHistoryList","ProductList","MaterialList"],"dependencies":[],"dependents":[],"parameterHints":{},"parameterHintsV2":{},"isOnPremiseConnection":false,"bypassConsent":true,"dataSets":{"https://hilalfoods.sharepoint.com/sites/PriceApp":{"dataSources":{"BrandList":{"tableName":"5d7b85dc-db41-4f81-945a-e289e927dc95"},"EmailReceipentsList":{"tableName":"be6fc2c0-8212-4f62-81ad-a919cbba7267"},"PriceFormList":{"tableName":"706a34d3-8999-43b0-aeb5-bd8683b4bfda"},"ApproverList":{"tableName":"56366916-d221-4e94-b9f1-098ed62c2449"},"WorkflowHistoryList":{"tableName":"759a0ab8-78e9-491e-839b-cdbb4175543f"},"ProductList":{"tableName":"59511a13-b763-4229-88c1-a54168a2e018"},"MaterialList":{"tableName":"09a7f53b-ee8f-45e1-a16a-41459037e8ca"}}}},"apiTier":"Standard","isCustomApiConnection":false,"actions":["providers/PowerPlatform.Governance/Operations/Read","providers/PowerPlatform.Governance/Operations/Write","providers/PowerPlatform.Governance/Operations/Delete"]},"ef2f706f-3fe1-4feb-95ec-6bb25815d615":{"id":"fc21d16d-857d-4534-9c5b-989c3688d037","displayName":"Office 365 Outlook","iconUri":"https://connectoricons-prod.azureedge.net/u/laborbol/partial-builds/390724148/1.0.1641.3327/office365/icon.png","dataSources":["Office365Outlook"],"dependencies":[],"dependents":[],"parameterHints":{},"parameterHintsV2":{},"isOnPremiseConnection":false,"bypassConsent":true,"dataSets":{},"apiTier":"Standard","isCustomApiConnection":false,"actions":["SendEmail"]}},"databaseReferences":{},"almMode":"Environment","performanceOptimizationEnabled":false,"canConsumeAppPass":true,"enableModernRuntimeMode":false,"executionRestrictions":{"isTeamsOnly":false,"dataLossPreventionEvaluationResult":{"status":"Compliant","lastEvaluationDate":"2020-10-22T15:15:39.5641486Z","violationDetails":[]}}},"appType":"ClassicCanvasApp","appComponents":[]}}