{"schemaVersion":"1.0","appDefinitionTemplate":{"id":"/providers/Microsoft.PowerApps/apps/","type":"Microsoft.PowerApps/apps","tags":{"primaryDeviceWidth":"2325","primaryDeviceHeight":"1825","sienaVersion":"20230926T074451Z-3.23092.13.0","deviceCapabilities":"","supportsPortrait":"false","supportsLandscape":"true","primaryFormFactor":"Web","publisherVersion":"3.23092.13","minimumRequiredApiVersion":"2.2.0","hasComponent":"false","hasUnlockedComponent":"false","isUnifiedRootApp":"false","showStatusBar":"false"},"properties":{"appVersion":"2023-09-26T07:44:51Z","lifeCycleId":"Published","createdByClientVersion":{"major":3,"minor":23092,"build":13,"revision":0,"majorRevision":0,"minorRevision":0},"minClientVersion":{"major":3,"minor":23092,"build":13,"revision":0,"majorRevision":0,"minorRevision":0},"backgroundColor":"rgba(255, 255, 255, 1)","backgroundImageUri":"/708941267336352667/N58d88bfc-0135-4eab-b427-f7e6bc7c7b62-logoSmallFile","displayName":"Product Development Brief App","description":"By using this App stakeholders will be able to manage and monitor all aspects of the innovation funnel in a more efficient and collaborative way. Adoption of PDB will lead to increased transparency and drive efficiencies, especially for R&D, Marketing and IB.","commitMessage":"","appUris":{"documentUri":{"value":"/708941267336352667/Nae744169-e63e-4c17-ae3d-53462e141102-document.msapp"},"imageUris":[],"additionalUris":[]},"createdTime":"0001-01-01T00:00:00Z","lastModifiedTime":"0001-01-01T00:00:00Z","sharedGroupsCount":0,"sharedUsersCount":0,"connectionReferences":{"384f857a-f409-43e2-a14a-58497fa98495":{"id":"bae3a114-32ac-4e5b-8560-7b1eb2744e67","displayName":"SharePoint","iconUri":"https://connectoricons-prod.azureedge.net/u/henryorsborn/partial-builds/asev3migrations-with-resourceTemplate/1.0.1653.3414/sharepointonline/icon.png","dataSources":["ProductList","WorkflowHistoryList","ApproverList","ReviewerList","ReviewHistoryList","RAndDAssignmentList"],"dependencies":[],"dependents":[],"parameterHints":{},"parameterHintsV2":{},"isOnPremiseConnection":false,"bypassConsent":false,"dataSets":{"https://hilalfoods.sharepoint.com/sites/pdb":{"dataSources":{"ProductList":{"tableName":"a09abd19-d5f2-48cb-89f0-5fdfec7f7bd7"},"WorkflowHistoryList":{"tableName":"6c944f62-d2a5-4fcd-9e03-fd9ebf9f8d11"},"ApproverList":{"tableName":"002a2bc0-349c-4dfe-a4d9-be3687a3291e"},"ReviewerList":{"tableName":"e8ed4ef6-04bf-4804-93ce-2766e3c7c8f9"},"ReviewHistoryList":{"tableName":"35a5f3f6-4d04-47c0-9436-fa6ce0959a0a"},"RAndDAssignmentList":{"tableName":"3c2d3257-0b8b-44ba-86f2-55f818a95d8b"}}}},"apiTier":"Standard","isCustomApiConnection":false,"actions":["providers/PowerPlatform.Governance/Operations/Read","providers/PowerPlatform.Governance/Operations/Write","providers/PowerPlatform.Governance/Operations/Delete"]},"628a08fc-4aa6-44b5-8c28-ad4b2edf0974":{"id":"fc21d16d-857d-4534-9c5b-989c3688d037","displayName":"Office 365 Outlook","iconUri":"https://connectoricons-prod.azureedge.net/u/henryorsborn/partial-builds/asev3migrations-with-resourceTemplate/1.0.1653.3414/office365/icon.png","dataSources":["Office365Outlook"],"dependencies":[],"dependents":[],"parameterHints":{},"parameterHintsV2":{},"isOnPremiseConnection":false,"bypassConsent":false,"dataSets":{},"apiTier":"Standard","isCustomApiConnection":false,"actions":["SendEmail"]}},"databaseReferences":{},"almMode":"Environment","performanceOptimizationEnabled":true,"canConsumeAppPass":true,"enableModernRuntimeMode":false,"executionRestrictions":{"isTeamsOnly":false,"dataLossPreventionEvaluationResult":{"status":"Compliant","lastEvaluationDate":"2020-11-30T05:34:09.2792547Z","violationDetails":[]}}},"appType":"ClassicCanvasApp","appComponents":[]}}