{"schemaVersion":"1.0","appDefinitionTemplate":{"id":"/providers/Microsoft.PowerApps/apps/","type":"Microsoft.PowerApps/apps","tags":{"primaryDeviceWidth":"1024","primaryDeviceHeight":"768","supportsPortrait":"false","supportsLandscape":"true","primaryFormFactor":"Tablet","publisherVersion":"3.24031.25","minimumRequiredApiVersion":"2.2.0","hasComponent":"true","hasUnlockedComponent":"true","isUnifiedRootApp":"false","sienaVersion":"20240320T071440Z-3.24031.25.0","showStatusBar":"false","offlineLargeFilesSupport":"false"},"properties":{"appVersion":"2024-03-20T07:14:40Z","lifeCycleId":"Published","createdByClientVersion":{"major":3,"minor":24031,"build":25,"revision":0,"majorRevision":0,"minorRevision":0},"minClientVersion":{"major":3,"minor":24031,"build":25,"revision":0,"majorRevision":0,"minorRevision":0},"backgroundColor":"RGBA(0,176,240,1)","backgroundImageUri":"/16320116311550713411/Nc600d6ad-0b87-403b-bf55-ba47dffaf885-logoSmallFile","displayName":"AssetManagementApp","description":"","commitMessage":"","appUris":{"documentUri":{"value":"/16320116311550713411/N0c14d062-e65f-462c-8370-8d83376701de-document.msapp"},"imageUris":[],"additionalUris":[{"isSolutionAware":false,"value":"/16320116311550713411/N964be91d-d2a8-4555-938c-7aff969bf10f-identity.json"}]},"createdTime":"0001-01-01T00:00:00Z","lastModifiedTime":"0001-01-01T00:00:00Z","sharedGroupsCount":0,"sharedUsersCount":0,"connectionReferences":{"aafc92a6-f6a6-41f6-9ac4-03e7e0d6b807":{"id":"bae3a114-32ac-4e5b-8560-7b1eb2744e67","displayName":"SharePoint","iconUri":"https://connectoricons-prod.azureedge.net/u/alexsp/sporelease/1.0.1682.3673/sharepointonline/icon.png","dataSources":["AssetAssignmentList","AssetList","CategoryList","ManufactureList","ProductList","ServiceContractList","VendorList","WarrantyList"],"dependencies":[],"dependents":[],"parameterHints":{},"parameterHintsV2":{},"isOnPremiseConnection":false,"bypassConsent":false,"dataSets":{"https://hilalfoods.sharepoint.com/sites/AssetManagementApp":{"dataSources":{"AssetAssignmentList":{"tableName":"a729b79e-2642-4e4d-adff-bcbc2d88239c"},"AssetList":{"tableName":"5f80d2c7-f456-42e3-a41e-ef6408be7347"},"CategoryList":{"tableName":"c6b0ac17-f96c-4917-ba88-990a634886c3"},"ManufactureList":{"tableName":"e6ee61b2-d476-4739-918d-9bcbe06b9288"},"ProductList":{"tableName":"b0042eeb-52ed-4bc4-8e6d-e91dfe3f6972"},"ServiceContractList":{"tableName":"f5812fd5-a6ab-430a-b4fb-c35394ea0e6e"},"VendorList":{"tableName":"f2230086-5429-42a7-a836-f6f992a057a1"},"WarrantyList":{"tableName":"4c70c5a5-3b04-4d8a-8572-ba7526d4e37b"}}}},"apiTier":"Standard","isCustomApiConnection":false,"actions":["providers/PowerPlatform.Governance/Operations/Read","providers/PowerPlatform.Governance/Operations/Write"]},"74707f09-6a8e-45bf-9f09-ea9ff69a2088":{"id":"bae3a114-32ac-4e5b-8560-7b1eb2744e67","displayName":"SharePoint","iconUri":"https://connectoricons-prod.azureedge.net/u/alexsp/sporelease/1.0.1682.3673/sharepointonline/icon.png","dataSources":["SoftwareAssetAssignmentList","SoftwareAssetList","SoftwareProductList","PublisherList"],"dependencies":[],"dependents":[],"parameterHints":{},"parameterHintsV2":{},"isOnPremiseConnection":false,"bypassConsent":false,"dataSets":{"https://hilalfoods.sharepoint.com/sites/AssetManagementApp":{"dataSources":{"SoftwareAssetAssignmentList":{"tableName":"233475a0-0319-478f-a59c-6f8e4820608a"},"SoftwareAssetList":{"tableName":"1a807972-63fd-4dc1-b762-c5064fcf658a"},"SoftwareProductList":{"tableName":"235732f1-410b-4407-88fa-ccf76ebf287d"},"PublisherList":{"tableName":"606ee144-7405-44e5-913d-ef68ba472ac3"}}}},"apiTier":"Standard","isCustomApiConnection":false,"actions":["providers/PowerPlatform.Governance/Operations/Read","providers/PowerPlatform.Governance/Operations/Write"]}},"databaseReferences":{},"almMode":"Environment","performanceOptimizationEnabled":true,"canConsumeAppPass":true,"enableModernRuntimeMode":false,"executionRestrictions":{"isTeamsOnly":false,"dataLossPreventionEvaluationResult":{"status":"Compliant","lastEvaluationDate":"2023-02-14T09:39:30.5007545Z","violations":[],"violationsByPolicy":[],"violationErrorMessage":"The app uses the following connectors: ."}}},"appType":"ClassicCanvasApp","appComponents":[]}}