{
  "properties": {
    "connectionReferences": {
      "shared_office365": {
        "runtimeSource": "embedded",
        "connection": {
          "connectionReferenceLogicalName": "alam_sharedoffice365_81f46"
        },
        "api": {
          "name": "shared_office365"
        }
      },
      "shared_sharepointonline_1": {
        "runtimeSource": "embedded",
        "connection": {
          "connectionReferenceLogicalName": "alam_sharedsharepointonline_40a24"
        },
        "api": {
          "name": "shared_sharepointonline"
        }
      },
      "shared_excelonlinebusiness": {
        "runtimeSource": "embedded",
        "connection": {
          "connectionReferenceLogicalName": "alam_sharedexcelonlinebusiness_c3faa"
        },
        "api": {
          "name": "shared_excelonlinebusiness"
        }
      }
    },
    "definition": {
      "$schema": "https://schema.management.azure.com/providers/Microsoft.Logic/schemas/2016-06-01/workflowdefinition.json#",
      "contentVersion": "1.0.0.0",
      "parameters": {
        "$connections": {
          "defaultValue": {},
          "type": "Object"
        },
        "$authentication": {
          "defaultValue": {},
          "type": "SecureObject"
        }
      },
      "triggers": {
        "Recurrence": {
          "recurrence": {
            "frequency": "Month",
            "interval": 1,
            "timeZone": "Pakistan Standard Time"
          },
          "metadata": {
            "operationMetadataId": "12ba5433-987b-4c5f-995b-0ec89ac306f1"
          },
          "type": "Recurrence"
        }
      },
      "actions": {
        "Send_an_email_for_returnable_Gatepass_report": {
          "runAfter": {
            "Get_returnable_file_content_using_path": [
              "Succeeded"
            ]
          },
          "metadata": {
            "flowSystemMetadata": {
              "swaggerOperationId": "SendEmailV2"
            },
            "operationMetadataId": "0836a974-52d2-4204-b505-8438dd2318fd"
          },
          "type": "ApiConnection",
          "inputs": {
            "host": {
              "connection": {
                "name": "@parameters('$connections')['shared_office365']['connectionId']"
              }
            },
            "method": "post",
            "body": {
              "To": "mumtaz.alam@hilalfoods.com.pk",
              "Subject": "All Gatepass Returnable Report - Till 2020",
              "Body": "<p>Dear,<br>\n<br>\nPlease find the total Returnable report in the attachments. This is a system-generated report.<br>\n<br>\nTotal No of Gatepass:- @{length(body('Get_All_Returnable_Gatepass')?['value'])}<br>\n<br>\n<strong>With Kind Regards<br>\nMumtaz Alam</strong></p>",
              "From": "mumtaz.alam@hilalfoods.com.pk",
              "Attachments": [
                {
                  "Name": "@body('Create_file')?['Name']",
                  "ContentBytes": "@{base64(body('Get_returnable_file_content_using_path'))}"
                }
              ],
              "Importance": "Normal"
            },
            "path": "/v2/Mail",
            "authentication": "@parameters('$authentication')"
          }
        },
        "Get_returnable_file_content_using_path": {
          "runAfter": {
            "Apply_to_each_Returnable_Gatepass": [
              "Succeeded"
            ]
          },
          "metadata": {
            "flowSystemMetadata": {
              "swaggerOperationId": "GetFileContentByPath"
            },
            "operationMetadataId": "65aa190c-4aef-4e07-9438-85b194e53664"
          },
          "type": "ApiConnection",
          "inputs": {
            "host": {
              "connection": {
                "name": "@parameters('$connections')['shared_sharepointonline_1']['connectionId']"
              }
            },
            "method": "get",
            "path": "/datasets/@{encodeURIComponent(encodeURIComponent('https://hilalfoods.sharepoint.com/sites/GatePassApp'))}/GetFileContentByPath",
            "queries": {
              "path": "@body('Create_file')?['Path']",
              "queryParametersSingleEncoded": true,
              "inferContentType": true
            },
            "authentication": "@parameters('$authentication')"
          }
        },
        "Get_All_Returnable_Gatepass": {
          "runAfter": {
            "Create_file": [
              "Succeeded"
            ]
          },
          "metadata": {
            "flowSystemMetadata": {
              "swaggerOperationId": "GetItems"
            },
            "operationMetadataId": "b9b7eba4-0700-4973-b00d-71aa66949ed1"
          },
          "type": "ApiConnection",
          "inputs": {
            "host": {
              "connection": {
                "name": "@parameters('$connections')['shared_sharepointonline_1']['connectionId']"
              }
            },
            "method": "get",
            "path": "/datasets/@{encodeURIComponent(encodeURIComponent('https://hilalfoods.sharepoint.com/sites/gatepass'))}/tables/@{encodeURIComponent(encodeURIComponent('2d4532ef-7d99-4e6f-a199-f176483353f7'))}/items",
            "queries": {
              "viewScopeOption": "RecursiveAll",
              "$filter": "GatepassType eq 'Returnable' and (CreatedDate le '2021-01-01' and CreatedDate ge '2018-01-01')",
              "$orderby": "CreatedDate",
              "view": "c3d8587e-cb23-4e84-a1c0-64517581bb9e"
            },
            "authentication": "@parameters('$authentication')"
          },
          "runtimeConfiguration": {
            "paginationPolicy": {
              "minimumItemCount": 5000
            }
          }
        },
        "Apply_to_each_Returnable_Gatepass": {
          "foreach": "@body('Get_All_Returnable_Gatepass')?['value']",
          "actions": {
            "Get_list_of_Returnable_Gatepass_Items": {
              "runAfter": {},
              "metadata": {
                "flowSystemMetadata": {
                  "swaggerOperationId": "GetItems"
                },
                "operationMetadataId": "82fb3822-cef5-4023-87bd-38f72a878861"
              },
              "type": "ApiConnection",
              "inputs": {
                "host": {
                  "connection": {
                    "name": "@parameters('$connections')['shared_sharepointonline_1']['connectionId']"
                  }
                },
                "method": "get",
                "path": "/datasets/@{encodeURIComponent(encodeURIComponent('https://hilalfoods.sharepoint.com/sites/gatepass/'))}/tables/@{encodeURIComponent(encodeURIComponent('bcb391d3-6a3b-4c48-ad1d-dcd6751236ca'))}/items",
                "queries": {
                  "$filter": "GatePassID eq @{items('Apply_to_each_Returnable_Gatepass')?['ID']}"
                },
                "authentication": "@parameters('$authentication')"
              }
            },
            "Apply_to_each_Returnable_Gatepass_items": {
              "foreach": "@body('Get_list_of_Returnable_Gatepass_Items')?['value']",
              "actions": {
                "Add_a_row_into_a_excel_table_for_Returnable_Gatepass": {
                  "runAfter": {},
                  "metadata": {
                    "015CBHO4JET27VTO4HYNCJBNTRP6GX6GY6": "/GatepassReturnableDailyReport.xlsx",
                    "flowSystemMetadata": {
                      "swaggerOperationId": "AddRowV2"
                    },
                    "015CBHO4I4WVTJUTTY3ZCYTX7CFMWSSV33": "/GatepassReturnableMonthlyReport.xlsx",
                    "015CBHO4KOMSABMSICO5AJPQVYP6NZ3DWT": "/GatepassPendingReturnableReport.xlsx",
                    "operationMetadataId": "2d8a385b-876c-45a7-b18c-a12f1666ee8c"
                  },
                  "type": "ApiConnection",
                  "inputs": {
                    "host": {
                      "connection": {
                        "name": "@parameters('$connections')['shared_excelonlinebusiness']['connectionId']"
                      }
                    },
                    "method": "post",
                    "body": {
                      "Gatepass Number": "@items('Apply_to_each_Returnable_Gatepass')?['GatePassNo']",
                      "Company": "@items('Apply_to_each_Returnable_Gatepass')?['CompanyList']",
                      "Department": "@items('Apply_to_each_Returnable_Gatepass')?['DepartmentList']",
                      "Location": "@items('Apply_to_each_Returnable_Gatepass')?['LocationList']",
                      "Initiator Name": "@items('Apply_to_each_Returnable_Gatepass')?['InitiatedBy']?['DisplayName']",
                      "Vendor Company": "@items('Apply_to_each_Returnable_Gatepass')?['VendorCompany']",
                      "Vendor Name": "@items('Apply_to_each_Returnable_Gatepass')?['VendorName']",
                      "Gatepass Date": "@items('Apply_to_each_Returnable_Gatepass')?['CreatedDate']",
                      "Gatepass Status": "@items('Apply_to_each_Returnable_Gatepass')?['Status']?['Value']",
                      "Vehicle Number": "@items('Apply_to_each_Returnable_Gatepass')?['VehicleNumber']",
                      "Vehicle Type": "@items('Apply_to_each_Returnable_Gatepass')?['VehicleType']",
                      "Item Code": "@items('Apply_to_each_Returnable_Gatepass_items')?['ItemCode']",
                      "Item Description": "@items('Apply_to_each_Returnable_Gatepass_items')?['Description']",
                      "Issued Qty": "@{items('Apply_to_each_Returnable_Gatepass_items')?['Qty']}",
                      "UOM": "@items('Apply_to_each_Returnable_Gatepass_items')?['UOM']",
                      "Expected Return Date": "@items('Apply_to_each_Returnable_Gatepass_items')?['ExpectedReturnDate']",
                      "Return Qty": "@{items('Apply_to_each_Returnable_Gatepass_items')?['ReturnedQty']}",
                      "Actual Return Date": "@items('Apply_to_each_Returnable_Gatepass_items')?['ActualReturnDate']",
                      "Expiry Date": "@items('Apply_to_each_Returnable_Gatepass_items')?['ExpiryDate']",
                      "Lot Batch": "@items('Apply_to_each_Returnable_Gatepass_items')?['LotBatch']",
                      "Invoice/DC _x0023_": "@items('Apply_to_each_Returnable_Gatepass_items')?['DCInvoice']"
                    },
                    "path": "/codeless/v1.2/drives/@{encodeURIComponent('b!xbfeuWWrREyaOX7KS5S6LVVFPBTqn9NMgquQFhU4fiQuh7c92OcQTq5WH-UTSlke')}/items/@{encodeURIComponent(encodeURIComponent(body('Create_file')?['Id']))}/workbook/tables/@{encodeURIComponent('GatePassReturnableTable')}/rows",
                    "queries": {
                      "source": "https://hilalfoods.sharepoint.com/sites/GatePassApp/"
                    },
                    "authentication": "@parameters('$authentication')"
                  }
                }
              },
              "runAfter": {
                "Get_list_of_Returnable_Gatepass_Items": [
                  "Succeeded"
                ]
              },
              "metadata": {
                "operationMetadataId": "cf336f58-6d04-492a-bc28-d3564f114962"
              },
              "type": "Foreach"
            }
          },
          "runAfter": {
            "Get_All_Returnable_Gatepass": [
              "Succeeded"
            ]
          },
          "metadata": {
            "operationMetadataId": "58054c0e-e9ef-41d5-b422-894b2a2609ec"
          },
          "type": "Foreach"
        },
        "Get_file_content_using_path": {
          "runAfter": {},
          "metadata": {
            "operationMetadataId": "f3762292-5b85-4d03-a2bf-81f71b4ad1f5",
            "flowSystemMetadata": {
              "swaggerOperationId": "GetFileContentByPath"
            }
          },
          "type": "ApiConnection",
          "inputs": {
            "host": {
              "connection": {
                "name": "@parameters('$connections')['shared_sharepointonline_1']['connectionId']"
              }
            },
            "method": "get",
            "path": "/datasets/@{encodeURIComponent(encodeURIComponent('https://hilalfoods.sharepoint.com/sites/GatePassApp'))}/GetFileContentByPath",
            "queries": {
              "path": "/Shared Documents/Templates/GatepassPendingReturnableReport.xlsx",
              "queryParametersSingleEncoded": true,
              "inferContentType": true
            },
            "authentication": "@parameters('$authentication')"
          }
        },
        "Create_file": {
          "runAfter": {
            "Get_file_content_using_path": [
              "Succeeded"
            ]
          },
          "metadata": {
            "operationMetadataId": "ab853ff6-5994-4b3d-9cc8-4a6eaf6bac2f",
            "flowSystemMetadata": {
              "swaggerOperationId": "CreateFile"
            }
          },
          "type": "ApiConnection",
          "inputs": {
            "host": {
              "connection": {
                "name": "@parameters('$connections')['shared_sharepointonline_1']['connectionId']"
              }
            },
            "method": "post",
            "body": "@body('Get_file_content_using_path')",
            "path": "/datasets/@{encodeURIComponent(encodeURIComponent('https://hilalfoods.sharepoint.com/sites/GatePassApp'))}/files",
            "queries": {
              "folderPath": "/Shared Documents/GatePassReports/Returnable",
              "name": "@{utcNow()}-GatePassReturnableReport.xlsx",
              "queryParametersSingleEncoded": true
            },
            "authentication": "@parameters('$authentication')"
          },
          "runtimeConfiguration": {
            "contentTransfer": {
              "transferMode": "Chunked"
            }
          }
        }
      }
    },
    "templateName": null
  },
  "schemaVersion": "1.0.0.0"
}