{
  "properties": {
    "connectionReferences": {},
    "definition": {
      "$schema": "https://schema.management.azure.com/providers/Microsoft.Logic/schemas/2016-06-01/workflowdefinition.json#",
      "contentVersion": "1.0.0.0",
      "parameters": {
        "$authentication": {
          "defaultValue": {},
          "type": "SecureObject"
        }
      },
      "triggers": {
        "manual": {
          "metadata": {
            "operationMetadataId": "9731f4ef-35a3-48c2-a79f-a9c00791cc0c"
          },
          "type": "Request",
          "kind": "PowerAppV2",
          "inputs": {
            "schema": {
              "type": "object",
              "properties": {
                "text": {
                  "title": "StringJSON",
                  "type": "string",
                  "x-ms-dynamically-added": true,
                  "description": "Stringified JSON array to sort",
                  "x-ms-content-hint": "TEXT"
                },
                "text_1": {
                  "title": "SortOrder",
                  "type": "string",
                  "x-ms-dynamically-added": true,
                  "description": "asc or desc",
                  "x-ms-content-hint": "TEXT"
                },
                "text_2": {
                  "title": "SortColumnName",
                  "type": "string",
                  "x-ms-dynamically-added": true,
                  "description": "Column to sort by or parent column to reference the nested column to sort by",
                  "x-ms-content-hint": "TEXT"
                },
                "text_3": {
                  "title": "SortColumnName2",
                  "type": "string",
                  "x-ms-dynamically-added": true,
                  "description": "Nested column to sort by",
                  "x-ms-content-hint": "TEXT"
                }
              },
              "required": [
                "text",
                "text_1",
                "text_2",
                "text_3"
              ]
            }
          },
          "conditions": [
            {
              "expression": "@not(empty(json(triggerBody()['text'])))"
            }
          ],
          "description": "Trigger condition applied in settings to require StringJSON not be blank to run"
        }
      },
      "actions": {
        "Condition_If_nested_sort": {
          "actions": {
            "Select_AddColumnForNestedSort": {
              "runAfter": {},
              "metadata": {
                "operationMetadataId": "93a33380-6613-46fa-b9b1-7b25e8663817"
              },
              "type": "Select",
              "inputs": {
                "from": "@json(triggerBody()['text'])",
                "select": "@addProperty(\r\nremoveProperty(item(), concat(triggerBody()['text_2'],triggerBody()['text_3'])),\r\nconcat(triggerBody()['text_2'],triggerBody()['text_3']),\r\nif(empty(item()?[triggerBody()['text_2']]?[triggerBody()['text_3']]),'',item()?[triggerBody()['text_2']]?[triggerBody()['text_3']])\r\n)"
              }
            },
            "Respond_to_a_PowerApp_or_flow_2": {
              "runAfter": {
                "Select_AddColumnForNestedSort": [
                  "Succeeded"
                ]
              },
              "metadata": {
                "operationMetadataId": "84b50d6e-a332-4799-ac6c-5b036b647e4e"
              },
              "type": "Response",
              "kind": "PowerApp",
              "inputs": {
                "statusCode": 200,
                "body": {
                  "dataoutput": "@{if(equals(toLower(triggerBody()['text_1']), 'asc'), sort(body('Select_AddColumnForNestedSort'), concat(triggerBody()['text_2'],triggerBody()['text_3'])), reverse(sort(body('Select_AddColumnForNestedSort'), concat(triggerBody()['text_2'],triggerBody()['text_3']))))}"
                },
                "schema": {
                  "type": "object",
                  "properties": {
                    "dataoutput": {
                      "title": "DataOutput",
                      "x-ms-dynamically-added": true,
                      "type": "string"
                    }
                  }
                }
              },
              "description": "Apply the sort expressions & return the data."
            }
          },
          "runAfter": {},
          "else": {
            "actions": {
              "Respond_to_a_PowerApp_or_flow": {
                "runAfter": {},
                "metadata": {
                  "operationMetadataId": "84b50d6e-a332-4799-ac6c-5b036b647e4e"
                },
                "type": "Response",
                "kind": "PowerApp",
                "inputs": {
                  "statusCode": 200,
                  "body": {
                    "dataoutput": "@{if(equals(toLower(triggerBody()['text_1']), 'asc'), sort(json(triggerBody()['text']), triggerBody()['text_2']), reverse(sort(json(triggerBody()['text']), triggerBody()['text_2'])))}"
                  },
                  "schema": {
                    "type": "object",
                    "properties": {
                      "dataoutput": {
                        "title": "DataOutput",
                        "x-ms-dynamically-added": true,
                        "type": "string"
                      }
                    }
                  }
                },
                "description": "Apply the sort expressions & return the data."
              }
            }
          },
          "expression": {
            "not": {
              "equals": [
                "@triggerBody()['text_3']",
                ""
              ]
            }
          },
          "metadata": {
            "operationMetadataId": "fa19bb47-dd78-4474-b9a5-187bf5945319"
          },
          "type": "If"
        }
      }
    },
    "templateName": null
  },
  "schemaVersion": "1.0.0.0"
}