{
  "properties": {
    "connectionReferences": {
      "shared_sharepointonline": {
        "runtimeSource": "invoker",
        "connection": {
          "connectionReferenceLogicalName": "alam_sharedsharepointonline_40a24"
        },
        "api": {
          "name": "shared_sharepointonline"
        }
      }
    },
    "definition": {
      "$schema": "https://schema.management.azure.com/providers/Microsoft.Logic/schemas/2016-06-01/workflowdefinition.json#",
      "contentVersion": "1.0.0.0",
      "parameters": {
        "$connections": {
          "defaultValue": {},
          "type": "Object"
        },
        "$authentication": {
          "defaultValue": {},
          "type": "SecureObject"
        }
      },
      "triggers": {
        "manual": {
          "metadata": {
            "operationMetadataId": "1deb3be2-b7b6-43c3-8619-dd544fcc7248"
          },
          "type": "Request",
          "kind": "PowerAppV2",
          "inputs": {
            "schema": {
              "type": "object",
              "properties": {
                "text": {
                  "title": "SiteAddress",
                  "type": "string",
                  "x-ms-dynamically-added": true,
                  "description": "SiteAddress of the list, Ex: https://OrgName.sharepoint.com/sites/SiteName/",
                  "x-ms-content-hint": "TEXT"
                },
                "text_1": {
                  "title": "ListName",
                  "type": "string",
                  "x-ms-dynamically-added": true,
                  "description": "Name of the SP list",
                  "x-ms-content-hint": "TEXT"
                },
                "text_2": {
                  "title": "SubmissionsFilterQuery",
                  "type": "string",
                  "x-ms-dynamically-added": true,
                  "description": "Odata filter query",
                  "x-ms-content-hint": "TEXT"
                },
                "text_3": {
                  "title": "SearchTerm",
                  "type": "string",
                  "x-ms-dynamically-added": true,
                  "description": "String to search each record for",
                  "x-ms-content-hint": "TEXT"
                },
                "text_4": {
                  "title": "ExpandColumns",
                  "type": "string",
                  "x-ms-dynamically-added": true,
                  "description": "Comma separated list of lookup & people ID columns to expand with additional fields from their list(s)",
                  "x-ms-content-hint": "TEXT"
                },
                "text_5": {
                  "title": "SelectColumns",
                  "type": "string",
                  "x-ms-dynamically-added": true,
                  "description": "Comma separated list of columns to return",
                  "x-ms-content-hint": "TEXT"
                },
                "text_6": {
                  "title": "SortOrder",
                  "type": "string",
                  "x-ms-dynamically-added": true,
                  "description": "asc or desc",
                  "x-ms-content-hint": "TEXT"
                },
                "text_7": {
                  "title": "SortColumnName",
                  "type": "string",
                  "x-ms-dynamically-added": true,
                  "description": "Column to sort by or parent column to reference the nested column to sort by",
                  "x-ms-content-hint": "TEXT"
                },
                "text_8": {
                  "title": "SortColumnName2",
                  "type": "string",
                  "x-ms-dynamically-added": true,
                  "description": "Nested column to sort by",
                  "x-ms-content-hint": "TEXT"
                },
                "number": {
                  "title": "MaxReturnCount",
                  "type": "number",
                  "x-ms-dynamically-added": true,
                  "description": "The max number of items to return to the app",
                  "x-ms-content-hint": "NUMBER"
                },
                "number_1": {
                  "title": "ReadBatchSize",
                  "type": "number",
                  "x-ms-dynamically-added": true,
                  "description": "Batch size or Top parameter controlling the number of items returned in each SharePoint HTTP call",
                  "x-ms-content-hint": "NUMBER"
                },
                "number_2": {
                  "title": "MaxItemCheck",
                  "type": "number",
                  "x-ms-dynamically-added": true,
                  "description": "The max number of most recently added items to filter & search over",
                  "x-ms-content-hint": "NUMBER"
                }
              },
              "required": [
                "text",
                "text_1",
                "text_2",
                "text_3",
                "text_4",
                "text_5",
                "text_6",
                "text_7",
                "text_8",
                "number",
                "number_1",
                "number_2"
              ]
            }
          }
        }
      },
      "actions": {
        "Get_Filter_Search_And_Sort_SP_List_Items": {
          "actions": {
            "SharePoint_HTTP_Get_min_item": {
              "runAfter": {
                "SharePoint_HTTP_Get_max_item": [
                  "Succeeded"
                ]
              },
              "metadata": {
                "operationMetadataId": "5dd28f55-0360-4e0f-9849-86a5663a7961"
              },
              "type": "OpenApiConnection",
              "inputs": {
                "host": {
                  "apiId": "/providers/Microsoft.PowerApps/apis/shared_sharepointonline",
                  "connectionName": "shared_sharepointonline",
                  "operationId": "HttpRequest"
                },
                "parameters": {
                  "dataset": "@outputs('Settings')?['SiteAddress']",
                  "parameters/method": "GET",
                  "parameters/uri": "/_api/Web/Lists/getByTitle('@{outputs('Settings')?['ListName']}')/Items?$select=ID&$orderby=ID asc&$top=1",
                  "parameters/headers": {
                    "accept": "application/json",
                    "odata": "nometadata"
                  }
                },
                "authentication": {
                  "value": "@json(decodeBase64(triggerOutputs().headers['X-MS-APIM-Tokens']))['$ConnectionKey']",
                  "type": "Raw"
                }
              }
            },
            "Settings": {
              "runAfter": {},
              "metadata": {
                "operationMetadataId": "d75bd318-e974-45c1-8540-17200477cfbb"
              },
              "type": "Compose",
              "inputs": {
                "SiteAddress": "@{triggerBody()['text']}",
                "ListName": "@{triggerBody()['text_1']}",
                "SubmissionsFilterQuery": "@{triggerBody()['text_2']}",
                "SearchTerm": "@{triggerBody()['text_3']}",
                "ExpandColumns": "@{triggerBody()['text_4']}",
                "SelectColumns": "@{triggerBody()['text_5']}",
                "SortOrder": "@{triggerBody()['text_6']}",
                "SortColumnName": "@{triggerBody()['text_7']}",
                "SortColumnName2": "@{triggerBody()['text_8']}",
                "ReadBatchSize": "@triggerBody()['number_1']",
                "MaxReturnCount": "@triggerBody()['number']",
                "MaxItemCheck": "@triggerBody()['number_2']"
              },
              "description": "\"Respond to a PowerApp\" action can not return more than 100MB of data, keep MaxReturnCount below 30,000 for the best performance. Max ReadBatchSize is 5000. Keep MaxItemCheck multiple below the 600 SP API call limit for the loop count control."
            },
            "SharePoint_HTTP_Get_max_item": {
              "runAfter": {
                "Settings": [
                  "Succeeded"
                ]
              },
              "metadata": {
                "operationMetadataId": "5dd28f55-0360-4e0f-9849-86a5663a7961"
              },
              "type": "OpenApiConnection",
              "inputs": {
                "host": {
                  "apiId": "/providers/Microsoft.PowerApps/apis/shared_sharepointonline",
                  "connectionName": "shared_sharepointonline",
                  "operationId": "HttpRequest"
                },
                "parameters": {
                  "dataset": "@outputs('Settings')?['SiteAddress']",
                  "parameters/method": "GET",
                  "parameters/uri": "/_api/Web/Lists/getByTitle('@{outputs('Settings')?['ListName']}')/Items?$select=ID&$orderby=ID desc&$top=1",
                  "parameters/headers": {
                    "accept": "application/json",
                    "odata": "nometadata"
                  }
                },
                "authentication": {
                  "value": "@json(decodeBase64(triggerOutputs().headers['X-MS-APIM-Tokens']))['$ConnectionKey']",
                  "type": "Raw"
                }
              }
            },
            "Filter_array_Remove_nulls": {
              "runAfter": {
                "Condition_Optimize_Get_items_based_on_search": [
                  "Succeeded"
                ]
              },
              "metadata": {
                "operationMetadataId": "e53214bb-8278-4294-a773-2f24e20376e9"
              },
              "type": "Query",
              "inputs": {
                "from": "@if(empty(outputs('Settings')?['SearchTerm']), \r\nreverse(outputs('SetOfOutputs')), \r\nif(equals('ID', outputs('Settings')?['SortColumnName']), reverse(body('Select_ReformatItemJSON')), body('Select_ReformatItemJSON'))\r\n)",
                "where": "@not(equals(item(), ''))"
              },
              "description": "References the Apply to each SetOfOutputs Compose to get an array of each iteration's value for the Compose using Pieter's method https://sharepains.com/2020/03/11/pieters-method-for-advanced-in-flows/"
            },
            "Condition_Optimize_Get_items_based_on_search": {
              "actions": {
                "Apply_to_each_Get_items_No_search": {
                  "foreach": "@range(0, add(div(min(outputs('Settings')?['MaxItemCheck'], sub(first(body('SharePoint_HTTP_Get_max_item')?['value'])?['ID'], first(body('SharePoint_HTTP_Get_min_item')?['value'])?['ID'])), outputs('Settings')?['ReadBatchSize']), 1))",
                  "actions": {
                    "SharePoint_HTTP_Get_items_2": {
                      "runAfter": {},
                      "limit": {
                        "timeout": "P1M"
                      },
                      "metadata": {
                        "operationMetadataId": "5dd28f55-0360-4e0f-9849-86a5663a7961"
                      },
                      "type": "OpenApiConnection",
                      "inputs": {
                        "host": {
                          "apiId": "/providers/Microsoft.PowerApps/apis/shared_sharepointonline",
                          "connectionName": "shared_sharepointonline",
                          "operationId": "HttpRequest"
                        },
                        "parameters": {
                          "dataset": "@outputs('Settings')?['SiteAddress']",
                          "parameters/method": "GET",
                          "parameters/uri": "/_api/Web/Lists/getByTitle('@{outputs('Settings')?['ListName']}')/Items?$filter=@{concat('ID le ', sub(first(body('SharePoint_HTTP_Get_max_item')?['value'])?['ID'], mul(items('Apply_to_each_Get_items_No_search'), outputs('Settings')?['ReadBatchSize'])), ' and ID gt ', sub(first(body('SharePoint_HTTP_Get_max_item')?['value'])?['ID'], mul(add(1, items('Apply_to_each_Get_items_No_search')), outputs('Settings')?['ReadBatchSize'])))} and @{if(empty(outputs('Settings')?['SubmissionsFilterQuery']), 'ID ne -2', outputs('Settings')?['SubmissionsFilterQuery'])}&$select=@{outputs('Settings')?['SelectColumns']}&$expand=@{outputs('Settings')?['ExpandColumns']}&$orderby=ID desc&$top=@{outputs('Settings')?['ReadBatchSize']}",
                          "parameters/headers": {
                            "accept": "application/json;odata=nometadata",
                            "Content-Type": "application/json;odata=nometadata",
                            "odata": "nometadata"
                          }
                        },
                        "authentication": {
                          "value": "@json(decodeBase64(triggerOutputs().headers['X-MS-APIM-Tokens']))['$ConnectionKey']",
                          "type": "Raw"
                        }
                      }
                    },
                    "SetOfOutputs": {
                      "runAfter": {
                        "SharePoint_HTTP_Get_items_2": [
                          "Succeeded"
                        ]
                      },
                      "metadata": {
                        "operationMetadataId": "c13c71dc-56dc-4e74-a5db-e606f7cbbfcf"
                      },
                      "type": "Compose",
                      "inputs": "@join(reverse(body('SharePoint_HTTP_Get_items_2')?['value']), '|~^#')",
                      "description": "Adds to API calls, but processes data faster with the loop concurrency. Also applies a reverse on data local to this loop iteration which may speed up the later global sort by reversing ID desc because the global must sort asc before reversing."
                    }
                  },
                  "runAfter": {},
                  "metadata": {
                    "operationMetadataId": "f4f21f1c-6bd2-401a-92cf-be784f3342c8"
                  },
                  "type": "Foreach",
                  "description": "Loop range expression calculates the number of loop runs to do by taking the lower of the two values... (MaxID - MinID)/BatchSize OR MaxItemCheck/BatchSize. Concurrency is on.",
                  "runtimeConfiguration": {
                    "concurrency": {
                      "repetitions": 50
                    }
                  }
                }
              },
              "runAfter": {
                "SharePoint_HTTP_Get_min_item": [
                  "Succeeded"
                ]
              },
              "else": {
                "actions": {
                  "Apply_to_each_Get_items_With_search": {
                    "foreach": "@range(0, add(div(min(outputs('Settings')?['MaxItemCheck'], sub(first(body('SharePoint_HTTP_Get_max_item')?['value'])?['ID'], first(body('SharePoint_HTTP_Get_min_item')?['value'])?['ID'])), outputs('Settings')?['ReadBatchSize']), 1))",
                    "actions": {
                      "SharePoint_HTTP_Get_items": {
                        "runAfter": {},
                        "limit": {
                          "timeout": "P1M"
                        },
                        "metadata": {
                          "operationMetadataId": "5dd28f55-0360-4e0f-9849-86a5663a7961"
                        },
                        "type": "OpenApiConnection",
                        "inputs": {
                          "host": {
                            "apiId": "/providers/Microsoft.PowerApps/apis/shared_sharepointonline",
                            "connectionName": "shared_sharepointonline",
                            "operationId": "HttpRequest"
                          },
                          "parameters": {
                            "dataset": "@outputs('Settings')?['SiteAddress']",
                            "parameters/method": "GET",
                            "parameters/uri": "/_api/Web/Lists/getByTitle('@{outputs('Settings')?['ListName']}')/Items?$filter=@{concat('ID le ', sub(first(body('SharePoint_HTTP_Get_max_item')?['value'])?['ID'], mul(items('Apply_to_each_Get_items_With_search'), outputs('Settings')?['ReadBatchSize'])),\r\n' and ID gt ', sub(first(body('SharePoint_HTTP_Get_max_item')?['value'])?['ID'], mul(add(1, items('Apply_to_each_Get_items_With_search')), outputs('Settings')?['ReadBatchSize'])))} and @{if(empty(outputs('Settings')?['SubmissionsFilterQuery']), 'ID ne -2', outputs('Settings')?['SubmissionsFilterQuery'])}&$select=@{outputs('Settings')?['SelectColumns']}&$expand=@{outputs('Settings')?['ExpandColumns']}&$orderby=ID desc&$top=@{outputs('Settings')?['ReadBatchSize']}",
                            "parameters/headers": {
                              "accept": "application/json;odata=nometadata",
                              "Content-Type": "application/json;odata=nometadata",
                              "odata": "nometadata"
                            }
                          },
                          "authentication": {
                            "value": "@json(decodeBase64(triggerOutputs().headers['X-MS-APIM-Tokens']))['$ConnectionKey']",
                            "type": "Raw"
                          }
                        }
                      },
                      "Filter_array_ApplySearch": {
                        "runAfter": {
                          "SharePoint_HTTP_Get_items": [
                            "Succeeded"
                          ]
                        },
                        "metadata": {
                          "operationMetadataId": "40d75791-03e9-4650-9078-8136ef4d59a5"
                        },
                        "type": "Query",
                        "inputs": {
                          "from": "@if(or(empty(outputs('Settings')?['SortColumnName']), empty(body('SharePoint_HTTP_Get_items')?['value'])), body('SharePoint_HTTP_Get_items')?['value'], sort(body('SharePoint_HTTP_Get_items')?['value'], outputs('Settings')?['SortColumnName']))",
                          "where": "@contains(toLower(string(item())), toLower(outputs('Settings')?['SearchTerm']))"
                        },
                        "description": "Applies local sort for faster global sort later. To limit searches to only select field values set the left-side expression to something like concat(item()?['InsertFieldName1'], '|', item()?['InsertFieldName2'], .... '|', item()?['InsertFieldNameN'])"
                      }
                    },
                    "runAfter": {},
                    "metadata": {
                      "operationMetadataId": "f4f21f1c-6bd2-401a-92cf-be784f3342c8"
                    },
                    "type": "Foreach",
                    "description": "Loop range expression calculates the number of loop runs to do by taking the lower of the two values... (MaxID - MinID)/BatchSize OR MaxItemCheck/BatchSize. Concurrency is on.",
                    "runtimeConfiguration": {
                      "concurrency": {
                        "repetitions": 50
                      }
                    }
                  },
                  "Select_ReformatItemJSON": {
                    "runAfter": {
                      "Apply_to_each_Get_items_With_search": [
                        "Succeeded"
                      ]
                    },
                    "metadata": {
                      "operationMetadataId": "8c2d3e30-ee82-440e-adf1-f576b36ed898"
                    },
                    "type": "Select",
                    "inputs": {
                      "from": "@body('Filter_array_ApplySearch')",
                      "select": "@join(if(equals('ID', outputs('Settings')?['SortColumnName']), reverse(item()), item()), '|~^#')"
                    },
                    "description": "Replaces a looping SetOfOutputs action, reducing API calls. References the Apply to each Filter array ApplySearch to get an array of each iteration's value using Pieter's method https://sharepains.com/2020/03/11/pieters-method-for-advanced-in-flows/"
                  }
                }
              },
              "expression": {
                "equals": [
                  "@outputs('Settings')?['SearchTerm']",
                  ""
                ]
              },
              "metadata": {
                "operationMetadataId": "ccab1849-0421-4497-911e-a30549318f13"
              },
              "type": "If",
              "description": "Adjusts the Get items set up to minimize action api calls & maximize speed based on whether there are filters & searches or not."
            },
            "Condition_If_nested_sort": {
              "actions": {
                "Select_CombineArrayAndAddNestedColumn": {
                  "runAfter": {},
                  "metadata": {
                    "operationMetadataId": "cd05d666-e415-435b-a1e5-06804eba3c66"
                  },
                  "type": "Select",
                  "inputs": {
                    "from": "@json(replace(concat('[',join(split(join(body('Filter_array_Remove_nulls'), '|~^#'), '|~^#'), ','),']'), ':null', ':\"\"'))",
                    "select": "@addProperty(\r\nremoveProperty(item(), concat(outputs('Settings')?['SortColumnName'],outputs('Settings')?['SortColumnName2'])),\r\nconcat(outputs('Settings')?['SortColumnName'],outputs('Settings')?['SortColumnName2']),\r\nif(empty(item()?[outputs('Settings')?['SortColumnName']]?[outputs('Settings')?['SortColumnName2']]),'',item()?[outputs('Settings')?['SortColumnName']]?[outputs('Settings')?['SortColumnName2']])\r\n)"
                  }
                },
                "Respond_to_a_PowerApp_or_flow_2": {
                  "runAfter": {
                    "Select_CombineArrayAndAddNestedColumn": [
                      "Succeeded"
                    ]
                  },
                  "metadata": {
                    "operationMetadataId": "84b50d6e-a332-4799-ac6c-5b036b647e4e"
                  },
                  "type": "Response",
                  "kind": "PowerApp",
                  "inputs": {
                    "statusCode": 200,
                    "body": {
                      "dataoutput": "@{take(\r\n\r\nif(or(empty(outputs('Settings')?['SortColumnName']), empty(body('Select_CombineArrayAndAddNestedColumn'))),\r\nbody('Select_CombineArrayAndAddNestedColumn'),\r\nif(equals(toLower(outputs('Settings')?['SortOrder']), 'asc'), sort(body('Select_CombineArrayAndAddNestedColumn'), concat(outputs('Settings')?['SortColumnName'],outputs('Settings')?['SortColumnName2'])), reverse(sort(body('Select_CombineArrayAndAddNestedColumn'), concat(outputs('Settings')?['SortColumnName'],outputs('Settings')?['SortColumnName2']))))\r\n),\r\n\r\noutputs('Settings')?['MaxReturnCount'])}"
                    },
                    "schema": {
                      "type": "object",
                      "properties": {
                        "dataoutput": {
                          "title": "DataOutput",
                          "x-ms-dynamically-added": true,
                          "type": "string"
                        }
                      }
                    }
                  },
                  "description": "Applies a global sort to all data & only takes the MaxReturnCount number of items for the app. Action can't return more than 100MB, keep MaxReturnCount below 30,000 for the best performance."
                }
              },
              "runAfter": {
                "Filter_array_Remove_nulls": [
                  "Succeeded"
                ]
              },
              "else": {
                "actions": {
                  "Respond_to_a_PowerApp_or_flow": {
                    "runAfter": {},
                    "metadata": {
                      "operationMetadataId": "84b50d6e-a332-4799-ac6c-5b036b647e4e"
                    },
                    "type": "Response",
                    "kind": "PowerApp",
                    "inputs": {
                      "statusCode": 200,
                      "body": {
                        "dataoutput": "@{take(\r\n\r\nif(or(empty(outputs('Settings')?['SortColumnName']), empty(body('Filter_array_Remove_nulls'))),\r\njson(replace(concat('[',join(split(join(body('Filter_array_Remove_nulls'), '|~^#'), '|~^#'), ','),']'), ':null', ':\"\"')),\r\nif(equals(toLower(outputs('Settings')?['SortOrder']), 'asc'), sort(json(replace(concat('[',join(split(join(body('Filter_array_Remove_nulls'), '|~^#'), '|~^#'), ','),']'), ':null', ':\"\"')), outputs('Settings')?['SortColumnName']), reverse(sort(json(replace(concat('[',join(split(join(body('Filter_array_Remove_nulls'), '|~^#'), '|~^#'), ','),']'), ':null', ':\"\"')), outputs('Settings')?['SortColumnName'])))\r\n),\r\n\r\noutputs('Settings')?['MaxReturnCount'])}"
                      },
                      "schema": {
                        "type": "object",
                        "properties": {
                          "dataoutput": {
                            "title": "DataOutput",
                            "x-ms-dynamically-added": true,
                            "type": "string"
                          }
                        }
                      }
                    },
                    "description": "Applies a global sort to all data & only takes the MaxReturnCount number of items for the app. Action can't return more than 100MB, keep MaxReturnCount below 30,000 for the best performance."
                  }
                }
              },
              "expression": {
                "not": {
                  "equals": [
                    "@outputs('Settings')?['SortColumnName2']",
                    ""
                  ]
                }
              },
              "metadata": {
                "operationMetadataId": "1b7ef253-5bea-4a26-a92a-941491ac9c7b"
              },
              "type": "If",
              "description": "Nested sorting will take more time on larger queries. For the best large query speeds avoid sorting on lookup or person columns."
            }
          },
          "runAfter": {},
          "metadata": {
            "operationMetadataId": "9c5f147d-cb36-400b-b6c1-9cdf3435052a"
          },
          "type": "Scope"
        }
      }
    },
    "templateName": null
  },
  "schemaVersion": "1.0.0.0"
}