{
  "properties": {
    "connectionReferences": {
      "shared_office365": {
        "runtimeSource": "embedded",
        "connection": {
          "connectionReferenceLogicalName": "alam_sharedoffice365_81f46"
        },
        "api": {
          "name": "shared_office365"
        }
      },
      "shared_sharepointonline": {
        "runtimeSource": "embedded",
        "connection": {
          "connectionReferenceLogicalName": "alam_sharedsharepointonline_b0f6b"
        },
        "api": {
          "name": "shared_sharepointonline"
        }
      },
      "shared_excelonlinebusiness": {
        "runtimeSource": "embedded",
        "connection": {
          "connectionReferenceLogicalName": "alam_sharedexcelonlinebusiness_c3faa"
        },
        "api": {
          "name": "shared_excelonlinebusiness"
        }
      }
    },
    "definition": {
      "$schema": "https://schema.management.azure.com/providers/Microsoft.Logic/schemas/2016-06-01/workflowdefinition.json#",
      "contentVersion": "1.0.0.0",
      "parameters": {
        "$connections": {
          "defaultValue": {},
          "type": "Object"
        },
        "$authentication": {
          "defaultValue": {},
          "type": "SecureObject"
        }
      },
      "triggers": {
        "Recurrence": {
          "recurrence": {
            "frequency": "Month",
            "interval": 1,
            "timeZone": "Pakistan Standard Time"
          },
          "metadata": {
            "operationMetadataId": "12ba5433-987b-4c5f-995b-0ec89ac306f1"
          },
          "type": "Recurrence"
        }
      },
      "actions": {
        "Report_Start_Date": {
          "runAfter": {
            "Apply_to_delete_each_record_of_returnable_Gatepass_table": [
              "Succeeded"
            ]
          },
          "metadata": {
            "operationMetadataId": "80539a2f-9f40-41e9-b97e-cf886c01e498"
          },
          "type": "Expression",
          "kind": "AddToTime",
          "inputs": {
            "baseTime": "@{utcNow()}",
            "interval": -50,
            "timeUnit": "Month"
          }
        },
        "Report_End_Date": {
          "runAfter": {
            "Report_Start_Date": [
              "Succeeded"
            ]
          },
          "metadata": {
            "operationMetadataId": "cdd0600b-8a2d-4f08-a069-54f1cb3ae31c"
          },
          "type": "Expression",
          "kind": "AddToTime",
          "inputs": {
            "baseTime": "@{utcNow()}",
            "interval": -7,
            "timeUnit": "Day"
          }
        },
        "Send_an_email_for_returnable_Gatepass_report": {
          "runAfter": {
            "Get_returnable_file_content_using_path": [
              "Succeeded"
            ]
          },
          "metadata": {
            "flowSystemMetadata": {
              "swaggerOperationId": "SendEmailV2"
            },
            "operationMetadataId": "0836a974-52d2-4204-b505-8438dd2318fd"
          },
          "type": "ApiConnection",
          "inputs": {
            "host": {
              "connection": {
                "name": "@parameters('$connections')['shared_office365']['connectionId']"
              }
            },
            "method": "post",
            "body": {
              "To": "mumtaz.alam@hilalfoods.com.pk",
              "Subject": "All Gatepass pending returnable report",
              "Body": "<p>Dear,<br>\n<br>\nPlease find Pending gatepass returnable report in attachments. This is a system generated report.kkkkko<br>\n<strong>With Kind Regards<br>\nMumtaz Alam</strong></p>",
              "From": "mumtaz.alam@hilalfoods.com.pk",
              "Attachments": [
                {
                  "Name": "Gatepass-Pending-Returnable-Report.xlsx",
                  "ContentBytes": "@{base64(body('Get_returnable_file_content_using_path'))}"
                }
              ],
              "Importance": "Normal"
            },
            "path": "/v2/Mail",
            "authentication": "@parameters('$authentication')"
          }
        },
        "Get_returnable_file_content_using_path": {
          "runAfter": {
            "Apply_to_each_Returnable_Gatepass": [
              "Succeeded"
            ]
          },
          "metadata": {
            "flowSystemMetadata": {
              "swaggerOperationId": "GetFileContentByPath"
            },
            "operationMetadataId": "65aa190c-4aef-4e07-9438-85b194e53664"
          },
          "type": "ApiConnection",
          "inputs": {
            "host": {
              "connection": {
                "name": "@parameters('$connections')['shared_sharepointonline']['connectionId']"
              }
            },
            "method": "get",
            "path": "/datasets/@{encodeURIComponent(encodeURIComponent('https://hilalfoods.sharepoint.com/sites/GatePassApp'))}/GetFileContentByPath",
            "queries": {
              "path": "/Shared Documents/Templates/GatepassPendingReturnableReportByUser.xlsx",
              "queryParametersSingleEncoded": true,
              "inferContentType": true
            },
            "authentication": "@parameters('$authentication')"
          }
        },
        "List_rows_present_in_a_returnable_Gatepass_table": {
          "runAfter": {},
          "metadata": {
            "015CBHO4OWPFVIXUHBGVFIA6ULWQKMF7H6": "/GatepassDailyReport.xlsx",
            "flowSystemMetadata": {
              "swaggerOperationId": "GetItems"
            },
            "015CBHO4I3MX6MCWLAGVC2RZX5VJNUBF46": "/GatepassNonReturnableDailyReport.xlsx",
            "015CBHO4JET27VTO4HYNCJBNTRP6GX6GY6": "/GatepassReturnableDailyReport.xlsx",
            "015CBHO4I4WVTJUTTY3ZCYTX7CFMWSSV33": "/GatepassReturnableMonthlyReport.xlsx",
            "015CBHO4KAT3GNSCO7KJDKDL427I5SHW2Z": "/GatepassReturnableReport.xlsx",
            "015CBHO4KOMSABMSICO5AJPQVYP6NZ3DWT": "/GatepassPendingReturnableReport.xlsx",
            "operationMetadataId": "bfb3f761-1359-4333-b54a-24ca2ed3fc36",
            "015CBHO4LDLL2SVQ2OAZGLYT64627TLFZV": "/Templates/GatepassPendingReturnableReport.xlsx",
            "015CBHO4NF2M7AFZBOL5C2VH4C3TJ5RKI6": "/Templates/GatepassPendingReturnableReportByUser.xlsx"
          },
          "type": "ApiConnection",
          "inputs": {
            "host": {
              "connection": {
                "name": "@parameters('$connections')['shared_excelonlinebusiness']['connectionId']"
              }
            },
            "method": "get",
            "path": "/drives/@{encodeURIComponent('b!xbfeuWWrREyaOX7KS5S6LVVFPBTqn9NMgquQFhU4fiQuh7c92OcQTq5WH-UTSlke')}/files/@{encodeURIComponent(encodeURIComponent('015CBHO4NF2M7AFZBOL5C2VH4C3TJ5RKI6'))}/tables/@{encodeURIComponent('{00000000-000C-0000-FFFF-FFFF00000000}')}/items",
            "queries": {
              "source": "groups/1edcef11-1098-4200-b123-5bae9c025cde"
            },
            "authentication": "@parameters('$authentication')"
          }
        },
        "Apply_to_delete_each_record_of_returnable_Gatepass_table": {
          "foreach": "@body('List_rows_present_in_a_returnable_Gatepass_table')?['value']",
          "actions": {
            "Condition_2": {
              "actions": {
                "Delete_a_row_from_returnable_Gatepass_table_2": {
                  "runAfter": {},
                  "metadata": {
                    "015CBHO4I3MX6MCWLAGVC2RZX5VJNUBF46": "/GatepassNonReturnableDailyReport.xlsx",
                    "flowSystemMetadata": {
                      "swaggerOperationId": "DeleteItem"
                    },
                    "015CBHO4JET27VTO4HYNCJBNTRP6GX6GY6": "/GatepassReturnableDailyReport.xlsx",
                    "015CBHO4I4WVTJUTTY3ZCYTX7CFMWSSV33": "/GatepassReturnableMonthlyReport.xlsx",
                    "015CBHO4KOMSABMSICO5AJPQVYP6NZ3DWT": "/GatepassPendingReturnableReport.xlsx",
                    "operationMetadataId": "61b41ebc-5a77-4580-836d-dca9c04c57e2",
                    "015CBHO4NF2M7AFZBOL5C2VH4C3TJ5RKI6": "/Templates/GatepassPendingReturnableReportByUser.xlsx"
                  },
                  "type": "ApiConnection",
                  "inputs": {
                    "host": {
                      "connection": {
                        "name": "@parameters('$connections')['shared_excelonlinebusiness']['connectionId']"
                      }
                    },
                    "method": "delete",
                    "path": "/drives/@{encodeURIComponent('b!xbfeuWWrREyaOX7KS5S6LVVFPBTqn9NMgquQFhU4fiQuh7c92OcQTq5WH-UTSlke')}/files/@{encodeURIComponent(encodeURIComponent('015CBHO4NF2M7AFZBOL5C2VH4C3TJ5RKI6'))}/tables/@{encodeURIComponent('{00000000-000C-0000-FFFF-FFFF00000000}')}/items/@{encodeURIComponent(encodeURIComponent(items('Apply_to_delete_each_record_of_returnable_Gatepass_table')?['Gatepass Number']))}",
                    "queries": {
                      "source": "https://hilalfoods.sharepoint.com/sites/GatePassApp",
                      "idColumn": "Gatepass Number"
                    },
                    "authentication": "@parameters('$authentication')",
                    "retryPolicy": {
                      "type": "none"
                    }
                  }
                }
              },
              "runAfter": {},
              "expression": {
                "not": {
                  "equals": [
                    "@empty(items('Apply_to_delete_each_record_of_returnable_Gatepass_table')?['Gatepass Number'])",
                    true
                  ]
                }
              },
              "metadata": {
                "operationMetadataId": "f2ff6a31-774d-47a4-af93-9d769d82126f"
              },
              "type": "If"
            }
          },
          "runAfter": {
            "List_rows_present_in_a_returnable_Gatepass_table": [
              "Succeeded"
            ]
          },
          "metadata": {
            "operationMetadataId": "76019670-b3f6-4bc8-a8e8-d9468b1c4163"
          },
          "type": "Foreach"
        },
        "Get_All_Returnable_Gatepass": {
          "runAfter": {
            "Report_End_Date": [
              "Succeeded"
            ]
          },
          "metadata": {
            "flowSystemMetadata": {
              "swaggerOperationId": "GetItems"
            },
            "operationMetadataId": "b9b7eba4-0700-4973-b00d-71aa66949ed1"
          },
          "type": "ApiConnection",
          "inputs": {
            "host": {
              "connection": {
                "name": "@parameters('$connections')['shared_sharepointonline']['connectionId']"
              }
            },
            "method": "get",
            "path": "/datasets/@{encodeURIComponent(encodeURIComponent('https://hilalfoods.sharepoint.com/sites/gatepass'))}/tables/@{encodeURIComponent(encodeURIComponent('2d4532ef-7d99-4e6f-a199-f176483353f7'))}/items",
            "queries": {
              "viewScopeOption": "Default",
              "$filter": "GatepassType eq 'Returnable' and (Status eq 'Mark As Out' or Status eq  'Partially Received By Security' or Status eq 'Partially Received By Initiator')",
              "$orderby": "Created",
              "$top": 5000,
              "view": "c3d8587e-cb23-4e84-a1c0-64517581bb9e"
            },
            "authentication": "@parameters('$authentication')"
          }
        },
        "Apply_to_each_Returnable_Gatepass": {
          "foreach": "@body('Get_All_Returnable_Gatepass')?['value']",
          "actions": {
            "Get_list_of_Returnable_Gatepass_Items": {
              "runAfter": {},
              "metadata": {
                "flowSystemMetadata": {
                  "swaggerOperationId": "GetItems"
                },
                "operationMetadataId": "82fb3822-cef5-4023-87bd-38f72a878861"
              },
              "type": "ApiConnection",
              "inputs": {
                "host": {
                  "connection": {
                    "name": "@parameters('$connections')['shared_sharepointonline']['connectionId']"
                  }
                },
                "method": "get",
                "path": "/datasets/@{encodeURIComponent(encodeURIComponent('https://hilalfoods.sharepoint.com/sites/gatepass/'))}/tables/@{encodeURIComponent(encodeURIComponent('bcb391d3-6a3b-4c48-ad1d-dcd6751236ca'))}/items",
                "queries": {
                  "$filter": "GatePassID eq @{items('Apply_to_each_Returnable_Gatepass')?['ID']}"
                },
                "authentication": "@parameters('$authentication')"
              }
            },
            "Apply_to_each_Returnable_Gatepass_items": {
              "foreach": "@body('Get_list_of_Returnable_Gatepass_Items')?['value']",
              "actions": {
                "Add_a_row_into_a_excel_table_for_Returnable_Gatepass": {
                  "runAfter": {},
                  "metadata": {
                    "015CBHO4JET27VTO4HYNCJBNTRP6GX6GY6": "/GatepassReturnableDailyReport.xlsx",
                    "flowSystemMetadata": {
                      "swaggerOperationId": "AddRowV2"
                    },
                    "015CBHO4I4WVTJUTTY3ZCYTX7CFMWSSV33": "/GatepassReturnableMonthlyReport.xlsx",
                    "015CBHO4KOMSABMSICO5AJPQVYP6NZ3DWT": "/GatepassPendingReturnableReport.xlsx",
                    "operationMetadataId": "2d8a385b-876c-45a7-b18c-a12f1666ee8c",
                    "015CBHO4NF2M7AFZBOL5C2VH4C3TJ5RKI6": "/Templates/GatepassPendingReturnableReportByUser.xlsx"
                  },
                  "type": "ApiConnection",
                  "inputs": {
                    "host": {
                      "connection": {
                        "name": "@parameters('$connections')['shared_excelonlinebusiness']['connectionId']"
                      }
                    },
                    "method": "post",
                    "body": {
                      "Gatepass Number": "@items('Apply_to_each_Returnable_Gatepass')?['GatePassNo']",
                      "Company": "@items('Apply_to_each_Returnable_Gatepass')?['CompanyList']",
                      "Department": "@items('Apply_to_each_Returnable_Gatepass')?['DepartmentList']",
                      "Location": "@items('Apply_to_each_Returnable_Gatepass')?['LocationList']",
                      "Initiator Name": "@items('Apply_to_each_Returnable_Gatepass')?['InitiatedBy']?['DisplayName']",
                      "Vendor Company": "@items('Apply_to_each_Returnable_Gatepass')?['VendorCompany']",
                      "Vendor Name": "@items('Apply_to_each_Returnable_Gatepass')?['VendorName']",
                      "Gatepass Date": "@items('Apply_to_each_Returnable_Gatepass')?['CreatedDate']",
                      "Gatepass Status": "@items('Apply_to_each_Returnable_Gatepass')?['Status']?['Value']",
                      "Vehicle Number": "@items('Apply_to_each_Returnable_Gatepass')?['VehicleNumber']",
                      "Vehicle Type": "@items('Apply_to_each_Returnable_Gatepass')?['VehicleType']",
                      "Item Code": "@items('Apply_to_each_Returnable_Gatepass_items')?['ItemCode']",
                      "Item Description": "@items('Apply_to_each_Returnable_Gatepass_items')?['Description']",
                      "Issued Qty": "@{items('Apply_to_each_Returnable_Gatepass_items')?['Qty']}",
                      "UOM": "@items('Apply_to_each_Returnable_Gatepass_items')?['UOM']",
                      "Expected Return Date": "@items('Apply_to_each_Returnable_Gatepass_items')?['ExpectedReturnDate']",
                      "Return Qty": "@{items('Apply_to_each_Returnable_Gatepass_items')?['ReturnedQty']}",
                      "Actual Return Date": "@items('Apply_to_each_Returnable_Gatepass_items')?['ActualReturnDate']",
                      "Expiry Date": "@items('Apply_to_each_Returnable_Gatepass_items')?['ExpiryDate']",
                      "Lot Batch": "@items('Apply_to_each_Returnable_Gatepass_items')?['LotBatch']",
                      "Invoice/DC _x0023_": "@items('Apply_to_each_Returnable_Gatepass_items')?['DCInvoice']"
                    },
                    "path": "/codeless/v1.2/drives/@{encodeURIComponent('b!xbfeuWWrREyaOX7KS5S6LVVFPBTqn9NMgquQFhU4fiQuh7c92OcQTq5WH-UTSlke')}/items/@{encodeURIComponent(encodeURIComponent('015CBHO4NF2M7AFZBOL5C2VH4C3TJ5RKI6'))}/workbook/tables/@{encodeURIComponent('{00000000-000C-0000-FFFF-FFFF00000000}')}/rows",
                    "queries": {
                      "source": "https://hilalfoods.sharepoint.com/sites/GatePassApp/"
                    },
                    "authentication": "@parameters('$authentication')"
                  }
                }
              },
              "runAfter": {
                "Get_list_of_Returnable_Gatepass_Items": [
                  "Succeeded"
                ]
              },
              "metadata": {
                "operationMetadataId": "cf336f58-6d04-492a-bc28-d3564f114962"
              },
              "type": "Foreach"
            }
          },
          "runAfter": {
            "Get_All_Returnable_Gatepass": [
              "Succeeded"
            ]
          },
          "metadata": {
            "operationMetadataId": "58054c0e-e9ef-41d5-b422-894b2a2609ec"
          },
          "type": "Foreach"
        }
      }
    },
    "templateName": null
  },
  "schemaVersion": "1.0.0.0"
}