{"schemaVersion":"1.0","appDefinitionTemplate":{"id":"/providers/Microsoft.PowerApps/apps/","type":"Microsoft.PowerApps/apps","tags":{"primaryDeviceWidth":"2047","primaryDeviceHeight":"893","sienaVersion":"20230913T063207Z-3.23084.14.0","deviceCapabilities":"","supportsPortrait":"true","supportsLandscape":"true","primaryFormFactor":"Tablet","publisherVersion":"3.23084.14","minimumRequiredApiVersion":"2.2.0","hasComponent":"false","hasUnlockedComponent":"false","isUnifiedRootApp":"false","showStatusBar":"false"},"properties":{"appVersion":"2023-09-13T06:32:07Z","lifeCycleId":"Published","createdByClientVersion":{"major":3,"minor":23084,"build":14,"revision":0,"majorRevision":0,"minorRevision":0},"minClientVersion":{"major":3,"minor":23084,"build":14,"revision":0,"majorRevision":0,"minorRevision":0},"backgroundColor":"rgba(255, 255, 255, 1)","backgroundImageUri":"/3131722476939547685/N877f9f09-bab8-4bb8-af15-8427329c186f-logoSmallFile","displayName":"CAPEX App","description":"Capital expenditure (Capex) management system.(A System That Automates The Fund Approvals).","commitMessage":"","appUris":{"documentUri":{"value":"/3131722476939547685/Nce0fd132-dbe9-4183-a42d-d68555982fe8-document.msapp"},"imageUris":[],"additionalUris":[]},"createdTime":"0001-01-01T00:00:00Z","lastModifiedTime":"0001-01-01T00:00:00Z","sharedGroupsCount":0,"sharedUsersCount":0,"connectionReferences":{"b17a873f-b7e5-4b42-9889-b9f48232d978":{"id":"bae3a114-32ac-4e5b-8560-7b1eb2744e67","displayName":"SharePoint","iconUri":"https://connectoricons-prod.azureedge.net/u/laborbol/partial-builds/ase-v3/1.0.1653.3402/sharepointonline/icon.png","dataSources":["DepartmentList","UserAssignmentList","UserList","ApprovalHierarchyList","ArchiveCapexAttachmentList","ArchiveCapexItemDetailsList","ArchiveCapexList","ArchiveHistoryTrailList","CapexAttachmentList","CapexItemDetailsList","CapexList","HistoryTrailList"],"dependencies":[],"dependents":[],"parameterHints":{},"parameterHintsV2":{},"isOnPremiseConnection":false,"bypassConsent":false,"dataSets":{"https://hilalfoods.sharepoint.com/sites/capex":{"dataSources":{"DepartmentList":{"tableName":"1e91bd2d-34af-4eaf-88c4-2602225031a8"},"UserAssignmentList":{"tableName":"87438a56-0579-4223-b75c-2d6087b77e6a"},"UserList":{"tableName":"ecc3db01-1d49-4cfc-8a4d-4af420a54954"},"ApprovalHierarchyList":{"tableName":"be6f8e07-2510-4b4b-ae0a-8a18214a792b"},"ArchiveCapexAttachmentList":{"tableName":"2f2f32da-89d4-47ed-9d8f-86bea1101ac0"},"ArchiveCapexItemDetailsList":{"tableName":"26eeefee-d1b5-4467-8b4b-3447f3b51d94"},"ArchiveCapexList":{"tableName":"a3ad9d31-5c27-405d-a4e9-e2ad2f08dc48"},"ArchiveHistoryTrailList":{"tableName":"7ea45241-cac9-4968-a831-c9cbc3f692d4"},"CapexAttachmentList":{"tableName":"c398b840-8275-40bd-9941-1577c5a43e39"},"CapexItemDetailsList":{"tableName":"fc958daf-3f87-4f56-9d97-928f43db4f35"},"CapexList":{"tableName":"3abfd907-a25f-40d0-b557-1872f34587f7"},"HistoryTrailList":{"tableName":"28359ace-1719-4150-bb5c-a20e988a07ee"}}}},"apiTier":"Standard","isCustomApiConnection":false,"actions":["providers/PowerPlatform.Governance/Operations/Read","providers/PowerPlatform.Governance/Operations/Write","providers/PowerPlatform.Governance/Operations/Delete"]},"5d05a251-62d8-46b0-ab36-a65711986bec":{"id":"bae3a114-32ac-4e5b-8560-7b1eb2744e67","displayName":"SharePoint","iconUri":"https://connectoricons-prod.azureedge.net/u/laborbol/partial-builds/ase-v3/1.0.1653.3402/sharepointonline/icon.png","dataSources":["CompanyList"],"dependencies":[],"dependents":[],"parameterHints":{},"parameterHintsV2":{},"isOnPremiseConnection":false,"bypassConsent":false,"dataSets":{"https://hilalfoods.sharepoint.com/sites/capex":{"dataSources":{"CompanyList":{"tableName":"be024145-9eef-47cb-a0d9-0516ec076c52"}}}},"apiTier":"Standard","isCustomApiConnection":false,"actions":["providers/PowerPlatform.Governance/Operations/Read"]},"390622d1-c2be-442f-b239-4469357d95bf":{"id":"875aa25b-1f88-411e-8a5c-f698ce0b189f","displayName":"Office 365 Users","iconUri":"https://connectoricons-prod.azureedge.net/u/laborbol/partial-builds/ase-v3/1.0.1653.3402/office365users/icon.png","dataSources":["Office365Users"],"dependencies":[],"dependents":[],"parameterHints":{},"parameterHintsV2":{},"isOnPremiseConnection":false,"bypassConsent":false,"dataSets":{},"apiTier":"Standard","isCustomApiConnection":false,"actions":["UserProfile","SearchUser"]},"850ac74e-4a85-436b-b262-73a60433717b":{"id":"fc21d16d-857d-4534-9c5b-989c3688d037","displayName":"Office 365 Outlook","iconUri":"https://connectoricons-prod.azureedge.net/u/laborbol/partial-builds/ase-v3/1.0.1653.3402/office365/icon.png","dataSources":["Office365Outlook"],"dependencies":[],"dependents":[],"parameterHints":{},"parameterHintsV2":{},"isOnPremiseConnection":false,"bypassConsent":false,"dataSets":{},"apiTier":"Standard","isCustomApiConnection":false,"actions":["SendEmail"]}},"databaseReferences":{},"almMode":"Environment","performanceOptimizationEnabled":true,"canConsumeAppPass":true,"enableModernRuntimeMode":false,"executionRestrictions":{"isTeamsOnly":false,"dataLossPreventionEvaluationResult":{"status":"Compliant","lastEvaluationDate":"2021-07-28T12:29:34.6617942Z","violations":[],"violationsByPolicy":[],"violationErrorMessage":"The app uses the following connectors: shared_sharepointonline."}}},"appType":"ClassicCanvasApp","appComponents":[]}}