{"schemaVersion":"1.0","appDefinitionTemplate":{"id":"/providers/Microsoft.PowerApps/apps/","type":"Microsoft.PowerApps/apps","tags":{"primaryDeviceWidth":"1650","primaryDeviceHeight":"1200","sienaVersion":"20210508T192721Z-3.21043.23.0","deviceCapabilities":"","supportsPortrait":"false","supportsLandscape":"true","primaryFormFactor":"Tablet","publisherVersion":"3.21043.23","minimumRequiredApiVersion":"2.2.0","hasComponent":"false","hasUnlockedComponent":"false","isUnifiedRootApp":"false"},"properties":{"appVersion":"2021-05-08T19:27:21Z","lifeCycleId":"Published","createdByClientVersion":{"major":3,"minor":21043,"build":23,"revision":0,"majorRevision":0,"minorRevision":0},"minClientVersion":{"major":3,"minor":21043,"build":23,"revision":0,"majorRevision":0,"minorRevision":0},"backgroundColor":"rgba(0, 176, 240, 1)","backgroundImageUri":"/17919355300807184821/N7be5fd91-6997-4595-a99c-ccc51b203209-logoSmallFile","displayName":"StoreVisitsObservationApp","description":"Store Visit Observation Form App","commitMessage":"","appUris":{"documentUri":{"value":"/17919355300807184821/Nb02f0ef0-ac60-4b18-9883-372bfddd8dd5-document.msapp"},"imageUris":[]},"createdTime":"0001-01-01T00:00:00Z","lastModifiedTime":"0001-01-01T00:00:00Z","sharedGroupsCount":0,"sharedUsersCount":0,"icons":{"smallIconUri":"/17919355300807184821/N34a83f59-2892-483a-9420-e9c13120ae54-small.png","mediumIconUri":"/17919355300807184821/Na35016fc-be77-4e9e-955b-fada1427e944-medium.png","largeIconUri":"/17919355300807184821/Naabd32d4-1195-4eb2-bacd-c26b668675c6-large.png","wideIconUri":"/17919355300807184821/N23db474f-d97d-4229-8571-1cbf6cc0a324-wide.png"},"connectionReferences":{"b4d9681e-a73c-4fbc-9a2e-86d889cf5db6":{"id":"59a62da5-e917-4753-8b75-499abc9f8f3c","displayName":"SharePoint","iconUri":"https://connectoricons-prod.azureedge.net/releases/v1.0.1465/1.0.1465.2409/sharepointonline/icon.png","dataSources":["ObservationCheckList","StoreVisitsObservationCheckList","StoreList","WorkflowHistoryList","ApproverList","StoreVisitsObservationFormList"],"dependencies":[],"dependents":[],"parameterHints":{},"isOnPremiseConnection":false,"bypassConsent":false,"dataSets":{"https://dominospizzapakistan.sharepoint.com/sites/StoreVisitsObservationApp":{"dataSources":{"ObservationCheckList":{"tableName":"e1b8326b-be71-4fcc-a53a-849d9e45733e"},"StoreVisitsObservationCheckList":{"tableName":"57be24a3-3c8e-41ad-b4a4-60e0caf6d36d"},"StoreList":{"tableName":"87305c53-bfbd-42ef-bbf8-56106c07ffe7"},"WorkflowHistoryList":{"tableName":"668c1447-6bdc-42bc-925b-1ea074ee9a05"},"ApproverList":{"tableName":"8dac74c5-0f35-488a-8e84-465fa7b79eea"},"StoreVisitsObservationFormList":{"tableName":"456ae1b2-af07-427f-acf0-aed87cc1e066"}}}},"apiTier":"Standard","isCustomApiConnection":false},"af2da365-70c6-46cd-84df-bfaf69ef9dca":{"id":"44129fd4-f481-4187-9ede-083a72af54cb","displayName":"Office 365 Outlook","iconUri":"https://connectoricons-prod.azureedge.net/releases/v1.0.1466/1.0.1466.2411/office365/icon.png","dataSources":["Office365Outlook"],"dependencies":[],"dependents":[],"parameterHints":{},"isOnPremiseConnection":false,"bypassConsent":false,"dataSets":{},"apiTier":"Standard","isCustomApiConnection":false,"actions":["SendEmail"]}},"databaseReferences":{},"almMode":"Environment","performanceOptimizationEnabled":true,"canConsumeAppPass":true,"executionRestrictions":{"isTeamsOnly":false,"dataLossPreventionEvaluationResult":{"status":"Compliant","lastEvaluationDate":"2021-04-09T11:51:18.3299428Z","violationDetails":[]}}},"isAppComponentLibrary":false,"appType":"ClassicCanvasApp","appComponents":[]}}