{"schemaVersion":"1.0","appDefinitionTemplate":{"id":"/providers/Microsoft.PowerApps/apps/","type":"Microsoft.PowerApps/apps","tags":{"primaryDeviceWidth":"1366","primaryDeviceHeight":"768","supportsPortrait":"false","supportsLandscape":"true","primaryFormFactor":"Tablet","publisherVersion":"3.23044.15","minimumRequiredApiVersion":"2.2.0","hasComponent":"false","hasUnlockedComponent":"false","isUnifiedRootApp":"false","sienaVersion":"20230509T054718Z-3.23044.15.0"},"properties":{"appVersion":"2023-05-09T05:47:18Z","lifeCycleId":"Published","createdByClientVersion":{"major":3,"minor":23044,"build":15,"revision":0,"majorRevision":0,"minorRevision":0},"minClientVersion":{"major":3,"minor":23044,"build":15,"revision":0,"majorRevision":0,"minorRevision":0},"backgroundColor":"rgba(236, 41, 84, 1)","backgroundImageUri":"/881548395959383901/Nd85a975f-42ab-495d-884b-0dd2b939bc46-logoSmallFile","displayName":"MeetingCoordinationApp","description":"An all-in-one meeting capture tool. View meeting details, capture notes and pictures of whiteboards, assign tasks and send to all meeting attendees in one click.","commitMessage":"","appUris":{"documentUri":{"value":"/881548395959383901/N57069107-e367-4e62-95c3-5fc88abc6cb3-document.msapp"},"imageUris":[],"additionalUris":[]},"createdTime":"0001-01-01T00:00:00Z","lastModifiedTime":"0001-01-01T00:00:00Z","sharedGroupsCount":0,"sharedUsersCount":0,"connectionReferences":{"6b2de656-facb-41aa-b502-bb84e6da4768":{"id":"875aa25b-1f88-411e-8a5c-f698ce0b189f","displayName":"Office 365 Users","iconUri":"https://connectoricons-prod.azureedge.net/releases/v1.0.1626/1.0.1626.3238/office365users/icon.png","dataSources":["Office365Users"],"dependencies":[],"dependents":[],"parameterHints":{},"parameterHintsV2":{},"isOnPremiseConnection":false,"bypassConsent":false,"dataSets":{},"apiTier":"Standard","isCustomApiConnection":false,"actions":["MyProfile","SearchUser","UserPhotoMetadata","UserPhoto","UserProfileV2"]},"0709996f-842f-4d9b-9d21-618afede1a91":{"id":"42f2e7a0-b4b0-4351-8146-1171c620b859","displayName":"OneNote (Business)","iconUri":"https://connectoricons-prod.azureedge.net/releases/v1.0.1613/1.0.1613.3125/onenote/icon.png","dataSources":["OneNote(Business)"],"dependencies":[],"dependents":[],"parameterHints":{},"parameterHintsV2":{},"isOnPremiseConnection":false,"bypassConsent":false,"dataSets":{},"apiTier":"Standard","isCustomApiConnection":false,"actions":["GetNotebooks","GetSectionsInNotebook"]},"5867dfa2-c11f-4590-8528-e575cc1e8f82":{"id":"aec9ee93-ef48-4cf3-8414-153303a2a8a7","displayName":"Planner","iconUri":"https://connectoricons-prod.azureedge.net/releases/v1.0.1608/1.0.1608.3079/planner/icon.png","dataSources":["Planner"],"dependencies":[],"dependents":[],"parameterHints":{},"parameterHintsV2":{},"isOnPremiseConnection":false,"bypassConsent":false,"dataSets":{},"apiTier":"Standard","isCustomApiConnection":false,"actions":["ListMyPlans","ListBuckets"]},"f05dde36-d705-43d3-bb6f-a3ab40991ef9":{"id":"fc21d16d-857d-4534-9c5b-989c3688d037","displayName":"Office 365 Outlook","iconUri":"https://connectoricons-prod.azureedge.net/releases/v1.0.1626/1.0.1626.3238/office365/icon.png","dataSources":["Office365Outlook"],"dependencies":[],"dependents":[],"parameterHints":{},"parameterHintsV2":{},"isOnPremiseConnection":false,"bypassConsent":false,"dataSets":{},"apiTier":"Standard","isCustomApiConnection":false,"actions":["CalendarGetTables","GetEventsCalendarView","SendEmail","V4CalendarPostItem","FindMeetingTimes"]},"709ed0a6-bdd3-42f2-898e-6553b5d49c25":{"id":"bae3a114-32ac-4e5b-8560-7b1eb2744e67","displayName":"SharePoint","iconUri":"https://connectoricons-prod.azureedge.net/releases/v1.0.1627/1.0.1627.3238/sharepointonline/icon.png","dataSources":["MeetingList","TaskList"],"dependencies":[],"dependents":[],"parameterHints":{},"parameterHintsV2":{},"isOnPremiseConnection":false,"bypassConsent":false,"dataSets":{"https://hilalfoods.sharepoint.com/sites/MeetingCoordinationApp":{"dataSources":{"MeetingList":{"tableName":"63ab34b5-df8c-416d-82a4-f3f0426834d4"},"TaskList":{"tableName":"5010eb9f-edc4-4622-83c5-a8c5e8e4d7c0"}}}},"apiTier":"Standard","isCustomApiConnection":false,"actions":["providers/PowerPlatform.Governance/Operations/Read","providers/PowerPlatform.Governance/Operations/Write"]}},"databaseReferences":{},"almMode":"Environment","performanceOptimizationEnabled":true,"canConsumeAppPass":true,"enableModernRuntimeMode":false,"executionRestrictions":{"isTeamsOnly":false,"dataLossPreventionEvaluationResult":{"status":"Compliant","lastEvaluationDate":"2023-04-03T13:42:37.8886317Z","violations":[],"violationsByPolicy":[],"violationErrorMessage":"The app uses the following connectors: shared_office365users, shared_onenote, shared_planner, shared_office365."}}},"appType":"ClassicCanvasApp","appComponents":[]}}