{"schemaVersion":"1.0","appDefinitionTemplate":{"id":"/providers/Microsoft.PowerApps/apps/","type":"Microsoft.PowerApps/apps","tags":{"primaryDeviceWidth":"1385","primaryDeviceHeight":"890","sienaVersion":"20230706T070007Z-3.23063.15.0","deviceCapabilities":"","supportsPortrait":"false","supportsLandscape":"true","primaryFormFactor":"Web","publisherVersion":"3.23063.15","minimumRequiredApiVersion":"2.2.0","hasComponent":"false","hasUnlockedComponent":"false","isUnifiedRootApp":"false"},"properties":{"appVersion":"2023-07-06T07:00:07Z","lifeCycleId":"Published","createdByClientVersion":{"major":3,"minor":23063,"build":15,"revision":0,"majorRevision":0,"minorRevision":0},"minClientVersion":{"major":3,"minor":23063,"build":15,"revision":0,"majorRevision":0,"minorRevision":0},"backgroundColor":"rgba(255, 255, 255, 1)","backgroundImageUri":"/878682308755548725/Nc766aad1-d37e-45b3-bb13-9202f90a3467-logoSmallFile","displayName":"LAF App","description":"With using this App stakeholders would be able to process New/Existing Product launch in an efficient and collaborative way. Further, the approval process has been put in the system to save time and bring in efficiencies in terms of speed and tracking.","commitMessage":"","appUris":{"documentUri":{"value":"/878682308755548725/Nb0a3e34c-6ef4-44f2-bf68-2a0e6c311499-document.msapp"},"imageUris":[],"additionalUris":[]},"createdTime":"0001-01-01T00:00:00Z","lastModifiedTime":"0001-01-01T00:00:00Z","sharedGroupsCount":0,"sharedUsersCount":0,"connectionReferences":{"8ffea48a-c55b-47c1-a6bc-f98a0ab4bfad":{"id":"bae3a114-32ac-4e5b-8560-7b1eb2744e67","displayName":"SharePoint","iconUri":"https://connectoricons-prod.azureedge.net/u/shgogna/globalperconnector-train1/1.0.1639.3312/sharepointonline/icon.png","dataSources":["ProductList","LaunchAuthorizationWorkflowHistoryList","LaunchAuthorizationApproverList","LaunchAuthorizationFormList","EmailAlertReceipentsList","MaterialMOQList","ExpectedVolumesList"],"dependencies":[],"dependents":[],"parameterHints":{},"parameterHintsV2":{},"isOnPremiseConnection":false,"bypassConsent":true,"dataSets":{"https://hilalfoods.sharepoint.com/sites/pdb":{"dataSources":{"ProductList":{"tableName":"a09abd19-d5f2-48cb-89f0-5fdfec7f7bd7"}}},"https://hilalfoods.sharepoint.com/sites/LAF":{"dataSources":{"EmailAlertReceipentsList":{"tableName":"592bea6b-469f-4bd0-b258-2a86c45c3f22"},"MaterialMOQList":{"tableName":"aa23d45b-12ee-40ea-87e3-a1de09c7c5ab"},"ExpectedVolumesList":{"tableName":"9a7be364-f3bf-48c4-96af-e62794f7eb48"}}}},"apiTier":"Standard","isCustomApiConnection":false,"actions":["providers/PowerPlatform.Governance/Operations/Read","providers/PowerPlatform.Governance/Operations/Write"]},"7c390924-109a-40f1-a425-6c5b58aea9b2":{"id":"fc21d16d-857d-4534-9c5b-989c3688d037","displayName":"Office 365 Outlook","iconUri":"https://connectoricons-prod.azureedge.net/u/laborbol/partial-builds/390724148/1.0.1641.3327/office365/icon.png","dataSources":["Office365Outlook"],"dependencies":[],"dependents":[],"parameterHints":{},"parameterHintsV2":{},"isOnPremiseConnection":false,"bypassConsent":true,"dataSets":{},"apiTier":"Standard","isCustomApiConnection":false,"actions":["SendEmail"]},"207400e7-4c98-49e5-9342-f8e28c1a2814":{"id":"bae3a114-32ac-4e5b-8560-7b1eb2744e67","displayName":"SharePoint","iconUri":"https://connectoricons-prod.azureedge.net/u/shgogna/globalperconnector-train1/1.0.1639.3312/sharepointonline/icon.png","dataSources":["LaunchAuthorizationFormList","LaunchAuthorizationApproverList","LaunchAuthorizationWorkflowHistoryList"],"dependencies":[],"dependents":[],"parameterHints":{},"parameterHintsV2":{},"isOnPremiseConnection":false,"bypassConsent":true,"dataSets":{"https://hilalfoods.sharepoint.com/sites/LAF":{"dataSources":{"LaunchAuthorizationFormList":{"tableName":"6b9cb7dd-98e6-46a6-8d0f-0665819ff7ad"},"LaunchAuthorizationApproverList":{"tableName":"ab7d391a-108d-4692-b38a-653e6d10af8c"},"LaunchAuthorizationWorkflowHistoryList":{"tableName":"a48c90b5-4717-4c59-b0bb-014e5d45c177"}}}},"apiTier":"Standard","isCustomApiConnection":false,"actions":["providers/PowerPlatform.Governance/Operations/Read","providers/PowerPlatform.Governance/Operations/Write"]}},"databaseReferences":{},"almMode":"Environment","performanceOptimizationEnabled":true,"canConsumeAppPass":true,"enableModernRuntimeMode":false,"executionRestrictions":{"isTeamsOnly":false,"dataLossPreventionEvaluationResult":{"status":"Compliant","lastEvaluationDate":"2021-02-26T04:52:45.3316978Z","violationDetails":[]}}},"appType":"ClassicCanvasApp","appComponents":[]}}